,Player,Bat_Inns_21_22,NOs_21_22,Run_21_22,HS_21,HS_22,Bat_Avg_21_22,BF_21_22,BatSR_21_22,100s_21_22,50s_21_22,4s_21_22,6s_21_22,Bowl_Inns_21_22,Ov_21_22,BowlRunsConc_21_22,Wkts_21_22,Bowl_Avg_21_22,Econ_21_22,BowlSR_21_22,4w_21_22,5w_21_22,Dots_21_22,Catches_21_22,Run outs,Stumpings_21_22
0,Ruturaj Gaikwad,32.0,2.0,1003.0,101.0,99.0,31.34375,757.0,132.49669749009246,1.0,7.0,97.0,37.0,0.0,0.0,0.0,0.0,0.0,0.0,0.0,0.0,0.0,0.0,10.0,0.0,0.0
1,Faf du Plessis,32.0,0.0,0.0,95.0,0.0,0.0,0.0,0.0,0.0,0.0,0.0,0.0,0.0,0.0,0.0,0.0,0.0,0.0,0.0,0.0,0.0,0.0,16.0,3.0,0.0
2,Shikhar Dhawan,32.0,3.0,1047.0,92.0,88.0,32.71875,846.0,123.75886524822695,0.0,6.0,110.0,28.0,0.0,0.0,0.0,0.0,0.0,0.0,0.0,0.0,0.0,0.0,19.0,0.0,0.0
3,Glenn Maxwell,28.0,4.0,814.0,78.0,55.0,29.071428571428573,534.0,152.43445692883896,0.0,7.0,79.0,36.0,16.0,40.0,300.0,9.0,33.333333333333336,7.5,26.666666666666668,0.0,0.0,88.0,10.0,4.5,0.0
4,Sanju Samson,28.0,3.0,942.0,119.0,55.0,33.642857142857146,666.0,141.44144144144144,1.0,4.0,88.0,43.0,0.0,0.0,0.0,0.0,0.0,0.0,0.0,0.0,0.0,0.0,21.0,6.0,6.0
5,Prithvi Shaw,30.0,0.0,762.0,82.0,61.0,25.4,486.0,156.79012345679013,0.0,6.0,93.0,28.0,0.0,0.0,0.0,0.0,0.0,0.0,0.0,0.0,0.0,0.0,5.0,0.0,0.0
6,Shubman Gill,34.0,2.0,961.0,57.0,96.0,28.264705882352942,767.0,125.29335071707953,0.0,7.0,101.0,23.0,0.0,0.0,0.0,0.0,0.0,0.0,0.0,0.0,0.0,0.0,13.0,0.0,0.0
7,Mayank Agarwal,24.0,1.0,637.0,99.0,52.0,26.541666666666668,474.0,134.38818565400845,0.0,5.0,65.0,24.0,0.0,0.0,0.0,0.0,0.0,0.0,0.0,0.0,0.0,0.0,15.0,1.5,0.0
8,Rishabh Pant,32.0,6.0,759.0,58.0,44.0,23.71875,550.0,138.0,0.0,3.0,77.0,26.0,0.0,0.0,0.0,0.0,0.0,0.0,0.0,0.0,0.0,0.0,18.0,3.0,7.0
9,Devdutt Padikkal,28.0,1.0,787.0,101.0,54.0,28.107142857142858,634.0,124.13249211356467,1.0,2.0,84.0,28.0,0.0,0.0,0.0,0.0,0.0,0.0,0.0,0.0,0.0,0.0,12.0,1.5,0.0
10,Virat Kohli,30.0,2.0,746.0,72.0,73.0,24.866666666666667,633.0,117.85150078988941,0.0,5.0,75.0,17.0,0.0,0.0,0.0,0.0,0.0,0.0,0.0,0.0,0.0,0.0,17.0,0.0,0.0
11,Rahul Tripathi,32.0,5.0,810.0,74.0,76.0,25.3125,544.0,148.89705882352942,0.0,5.0,81.0,31.0,0.0,0.0,0.0,0.0,0.0,0.0,0.0,0.0,0.0,0.0,14.0,0.0,0.0
12,Nitish Rana,32.0,4.0,744.0,80.0,57.0,23.25,565.0,131.68141592920355,0.0,4.0,63.0,39.0,0.0,0.0,0.0,0.0,0.0,0.0,0.0,0.0,0.0,6.0,10.0,1.5,0.0
13,Rohit Sharma,26.0,0.0,649.0,63.0,48.0,24.96153846153846,522.0,124.32950191570882,0.0,1.0,61.0,27.0,0.0,0.0,0.0,0.0,0.0,0.0,0.0,0.0,0.0,0.0,8.0,0.0,0.0
14,Venkatesh Iyer,20.0,2.0,552.0,67.0,50.0,27.6,457.0,120.78774617067833,0.0,5.0,54.0,21.0,0.0,0.0,0.0,0.0,0.0,0.0,0.0,0.0,0.0,17.0,11.0,1.5,0.0
15,Moeen Ali,30.0,1.0,601.0,58.0,93.0,20.033333333333335,437.0,137.52860411899314,0.0,2.0,55.0,30.0,20.0,48.5,319.0,14.0,22.785714285714285,6.577319587628866,20.785714285714285,0.0,0.0,106.0,12.0,0.0,0.0
16,Suryakumar Yadav,28.0,1.0,620.0,82.0,68.0,22.142857142857142,429.0,144.52214452214452,0.0,5.0,63.0,26.0,0.0,0.0,0.0,0.0,0.0,0.0,0.0,0.0,0.0,0.0,8.0,0.0,0.0
17,AB de Villiers,28.0,0.0,0.0,76.0,0.0,0.0,0.0,0.0,0.0,0.0,0.0,0.0,0.0,0.0,0.0,0.0,0.0,0.0,0.0,0.0,0.0,0.0,0.0,0.0,0.0
18,Quinton de Kock,22.0,0.0,0.0,70.0,0.0,0.0,0.0,0.0,0.0,0.0,0.0,0.0,0.0,0.0,0.0,0.0,0.0,0.0,0.0,0.0,0.0,0.0,16.0,3.0,3.0
19,Manish Pandey,16.0,2.0,380.0,69.0,38.0,23.75,316.0,120.25316455696202,0.0,3.0,30.0,12.0,0.0,0.0,0.0,0.0,0.0,0.0,0.0,0.0,0.0,0.0,8.0,0.0,0.0
20,Kane Williamson,20.0,6.0,482.0,66.0,57.0,24.1,466.0,103.43347639484979,0.0,3.0,45.0,10.0,0.0,0.0,0.0,0.0,0.0,0.0,0.0,0.0,0.0,0.0,17.0,0.0,0.0
21,Ambati Rayudu,26.0,4.0,531.0,72.0,78.0,20.423076923076923,394.0,134.7715736040609,0.0,3.0,41.0,32.0,0.0,0.0,0.0,0.0,0.0,0.0,0.0,0.0,0.0,0.0,6.0,0.0,0.0
22,Jos Buttler,14.0,2.0,1117.0,124.0,116.0,79.78571428571429,745.0,149.93288590604027,5.0,4.0,110.0,58.0,0.0,0.0,0.0,0.0,0.0,0.0,0.0,0.0,0.0,0.0,12.0,0.0,0.0
23,Yashasvi Jaiswal,20.0,0.0,507.0,50.0,68.0,25.35,362.0,140.05524861878453,0.0,3.0,60.0,20.0,0.0,0.0,0.0,0.0,0.0,0.0,0.0,0.0,0.0,0.0,5.0,0.0,0.0
24,Jonny Bairstow,14.0,1.0,501.0,63.0,66.0,35.785714285714285,350.0,143.14285714285714,0.0,4.0,54.0,24.0,0.0,0.0,0.0,0.0,0.0,0.0,0.0,0.0,0.0,0.0,4.0,6.0,1.0
25,Kieron Pollard,26.0,6.0,389.0,87.0,25.0,14.961538461538462,299.0,130.10033444816054,0.0,1.0,22.0,25.0,15.0,27.0,220.0,9.0,24.444444444444443,8.148148148148149,18.0,0.0,0.0,47.0,13.0,0.0,0.0
26,Shimron Hetmyer,26.0,14.0,556.0,53.0,59.0,21.384615384615383,348.0,159.77011494252875,0.0,2.0,40.0,33.0,0.0,0.0,0.0,0.0,0.0,0.0,0.0,0.0,0.0,0.0,7.0,4.5,0.0
27,Ishan Kishan,20.0,2.0,659.0,84.0,81.0,32.95,528.0,124.81060606060606,0.0,5.0,66.0,21.0,0.0,0.0,0.0,0.0,0.0,0.0,0.0,0.0,0.0,0.0,16.0,9.0,0.0
28,Shivam Dube,18.0,2.0,519.0,64.0,95.0,28.833333333333332,378.0,137.3015873015873,0.0,3.0,40.0,26.0,0.0,0.0,0.0,0.0,0.0,0.0,0.0,0.0,0.0,8.0,8.0,0.0,0.0
29,Ravindra Jadeja,24.0,13.0,343.0,62.0,26.0,14.291666666666666,254.0,135.03937007874015,0.0,1.0,25.0,14.0,26.0,82.0,594.0,18.0,33.0,7.2439024390243905,27.333333333333332,0.0,0.0,169.0,20.0,0.0,0.0
30,Dinesh Karthik,30.0,15.0,553.0,40.0,66.0,18.433333333333334,350.0,158.0,0.0,1.0,49.0,29.0,0.0,0.0,0.0,0.0,0.0,0.0,0.0,0.0,0.0,0.0,15.0,3.0,4.0
31,David Warner,16.0,3.0,627.0,57.0,92.0,39.1875,468.0,133.97435897435898,0.0,7.0,67.0,21.0,0.0,0.0,0.0,0.0,0.0,0.0,0.0,0.0,0.0,0.0,8.0,0.0,0.0
32,Chris Gayle,20.0,0.0,0.0,46.0,0.0,0.0,0.0,0.0,0.0,0.0,0.0,0.0,0.0,0.0,0.0,0.0,0.0,0.0,0.0,0.0,0.0,0.0,0.0,0.0,0.0
33,K.S Bharat,14.0,0.0,0.0,78.0,0.0,0.0,0.0,0.0,0.0,0.0,0.0,0.0,0.0,0.0,0.0,0.0,0.0,0.0,0.0,0.0,0.0,0.0,0.0,0.0,0.0
34,Andre Russell,18.0,5.0,518.0,54.0,70.0,28.77777777777778,312.0,166.02564102564102,0.0,2.0,32.0,46.0,21.0,47.1,466.0,28.0,16.642857142857142,9.893842887473461,10.092857142857143,1.0,1.0,97.0,4.0,1.5,0.0
35,Shreyas Iyer,16.0,4.0,576.0,47.0,85.0,36.0,469.0,122.81449893390192,0.0,3.0,48.0,16.0,0.0,0.0,0.0,0.0,0.0,0.0,0.0,0.0,0.0,0.0,0.0,7.5,0.0
36,Deepak Hooda,22.0,1.0,611.0,64.0,59.0,27.772727272727273,453.0,134.878587196468,0.0,5.0,45.0,27.0,9.0,20.0,179.0,3.0,59.666666666666664,8.95,40.0,0.0,0.0,36.0,15.0,0.0,0.0
37,Suresh Raina,22.0,0.0,0.0,54.0,0.0,0.0,0.0,0.0,0.0,0.0,0.0,0.0,0.0,0.0,0.0,0.0,0.0,0.0,0.0,0.0,0.0,0.0,0.0,0.0,0.0
38,Rahul Tewatia,22.0,6.0,372.0,44.0,43.0,16.90909090909091,294.0,126.53061224489795,0.0,0.0,33.0,15.0,0.0,0.0,0.0,0.0,0.0,0.0,0.0,0.0,0.0,56.0,7.0,1.5,0.0
39,Shahrukh Khan,20.0,4.0,270.0,47.0,26.0,13.5,222.0,121.62162162162163,0.0,0.0,13.0,19.0,0.0,0.0,0.0,0.0,0.0,0.0,0.0,0.0,0.0,0.0,7.0,0.0,0.0
40,Steve Smith,14.0,0.0,0.0,39.0,0.0,0.0,0.0,0.0,0.0,0.0,0.0,0.0,0.0,0.0,0.0,0.0,0.0,0.0,0.0,0.0,0.0,0.0,0.0,0.0,0.0
41,Evin Lewis,10.0,2.0,224.0,58.0,55.0,22.4,149.0,150.33557046979865,0.0,2.0,26.0,10.0,0.0,0.0,0.0,0.0,0.0,0.0,0.0,0.0,0.0,0.0,3.0,0.0,0.0
42,Jason Roy,10.0,0.0,0.0,60.0,0.0,0.0,0.0,0.0,0.0,0.0,0.0,0.0,0.0,0.0,0.0,0.0,0.0,0.0,0.0,0.0,0.0,0.0,0.0,0.0,0.0
43,Aiden Markram,12.0,5.0,527.0,42.0,68.0,43.916666666666664,393.0,134.0966921119593,0.0,3.0,37.0,23.0,0.0,0.0,0.0,0.0,0.0,0.0,0.0,0.0,0.0,0.0,0.0,0.0,0.0
44,Krunal Pandya,24.0,6.0,326.0,39.0,42.0,13.583333333333334,268.0,121.64179104477611,0.0,0.0,26.0,10.0,24.0,71.0,530.0,15.0,35.333333333333336,7.464788732394366,28.4,0.0,0.0,140.0,13.0,1.5,0.0
45,Eoin Morgan,32.0,0.0,0.0,47.0,0.0,0.0,0.0,0.0,0.0,0.0,0.0,0.0,0.0,0.0,0.0,0.0,0.0,0.0,0.0,0.0,0.0,0.0,0.0,0.0,0.0
46,Wriddhiman Saha,18.0,1.0,448.0,44.0,68.0,24.88888888888889,399.0,112.28070175438596,0.0,3.0,47.0,12.0,0.0,0.0,0.0,0.0,0.0,0.0,0.0,0.0,0.0,0.0,0.0,4.5,0.0
47,Hardik Pandya,22.0,6.0,614.0,40.0,87.0,27.90909090909091,483.0,127.12215320910973,0.0,4.0,60.0,17.0,0.0,0.0,0.0,0.0,0.0,0.0,0.0,0.0,0.0,0.0,0.0,6.0,0.0
48,David Miller,16.0,12.0,605.0,62.0,94.0,37.8125,450.0,134.44444444444446,0.0,3.0,43.0,26.0,0.0,0.0,0.0,0.0,0.0,0.0,0.0,0.0,0.0,0.0,0.0,3.0,0.0
49,Robin Uthappa,8.0,0.0,345.0,63.0,88.0,43.125,255.0,135.2941176470588,0.0,3.0,27.0,19.0,0.0,0.0,0.0,0.0,0.0,0.0,0.0,0.0,0.0,0.0,0.0,1.5,0.0
50,Saurabh Tiwary,8.0,0.0,0.0,50.0,0.0,0.0,0.0,0.0,0.0,0.0,0.0,0.0,0.0,0.0,0.0,0.0,0.0,0.0,0.0,0.0,0.0,0.0,0.0,0.0,0.0
51,MS Dhoni,22.0,10.0,346.0,18.0,50.0,15.727272727272727,295.0,117.28813559322033,0.0,1.0,33.0,13.0,0.0,0.0,0.0,0.0,0.0,0.0,0.0,0.0,0.0,0.0,22.0,4.5,0.0
52,Abdul Samad,20.0,1.0,115.0,28.0,4.0,5.75,94.0,122.34042553191489,0.0,0.0,4.0,8.0,0.0,0.0,0.0,0.0,0.0,0.0,0.0,0.0,0.0,0.0,0.0,0.0,0.0
53,Abhishek Sharma,14.0,1.0,524.0,33.0,75.0,37.42857142857143,395.0,132.65822784810126,0.0,2.0,54.0,17.0,0.0,0.0,0.0,0.0,0.0,0.0,0.0,0.0,0.0,29.0,3.0,0.0,0.0
54,Mahipal Lomror,8.0,1.0,180.0,43.0,42.0,22.5,130.0,138.46153846153845,0.0,0.0,10.0,10.0,0.0,0.0,0.0,0.0,0.0,0.0,0.0,0.0,0.0,0.0,0.0,0.0,0.0
55,Pat Cummins,10.0,3.0,156.0,66.0,56.0,15.6,80.0,195.0,0.0,2.0,10.0,14.0,12.0,46.5,449.0,16.0,28.0625,9.655913978494624,17.4375,0.0,0.0,97.0,3.0,0.0,0.0
56,Riyan Parag,20.0,5.0,276.0,25.0,56.0,13.8,215.0,128.37209302325581,0.0,1.0,17.0,14.0,10.0,10.0,132.0,2.0,66.0,13.2,30.0,0.0,0.0,0.0,0.0,1.5,0.0
57,Marcus Stoinis,14.0,5.0,245.0,27.0,38.0,17.5,178.0,137.64044943820224,0.0,0.0,18.0,14.0,13.0,18.0,196.0,6.0,32.666666666666664,10.88888888888889,18.0,0.0,0.0,0.0,0.0,1.5,0.0
58,Jason Holder,14.0,3.0,143.0,47.0,16.0,10.214285714285714,116.0,123.27586206896552,0.0,0.0,4.0,12.0,20.0,73.3,638.0,30.0,21.266666666666666,8.703956343792633,14.659999999999998,1.0,0.0,152.0,6.0,4.5,0.0
59,Nicholas Pooran,22.0,5.0,391.0,32.0,64.0,17.772727272727273,288.0,135.76388888888889,0.0,2.0,19.0,26.0,0.0,0.0,0.0,0.0,0.0,0.0,0.0,0.0,0.0,0.0,0.0,4.5,0.0
60,Rashid Khan,20.0,6.0,174.0,22.0,40.0,8.7,113.0,153.98230088495575,0.0,0.0,12.0,11.0,30.0,119.5,796.0,37.0,21.513513513513512,6.661087866108787,19.37837837837838,1.0,0.0,257.0,9.0,0.0,0.0
61,Priyam Garg,10.0,0.0,118.0,29.0,42.0,11.8,107.0,110.2803738317757,0.0,0.0,6.0,5.0,0.0,0.0,0.0,0.0,0.0,0.0,0.0,0.0,0.0,0.0,0.0,0.0,0.0
62,Lalit Yadav,10.0,4.0,229.0,22.0,48.0,22.9,219.0,104.5662100456621,0.0,0.0,18.0,7.0,13.0,32.0,251.0,8.0,31.375,7.84375,24.0,0.0,0.0,59.0,11.0,3.0,0.0
63,Chris Morris,14.0,0.0,0.0,36.0,0.0,0.0,0.0,0.0,0.0,0.0,0.0,0.0,0.0,0.0,0.0,0.0,0.0,0.0,0.0,0.0,0.0,0.0,0.0,0.0,0.0
64,Kyle Jamieson,14.0,0.0,0.0,16.0,0.0,0.0,0.0,0.0,0.0,0.0,0.0,0.0,0.0,0.0,0.0,0.0,0.0,0.0,0.0,0.0,0.0,0.0,0.0,0.0,0.0
65,Harpreet Brar,10.0,5.0,86.0,25.0,14.0,8.6,83.0,103.6144578313253,0.0,0.0,4.0,4.0,12.0,39.0,285.0,9.0,31.666666666666668,7.3076923076923075,26.0,0.0,0.0,94.0,5.0,0.0,0.0
66,Sunil Narine,20.0,4.0,133.0,26.0,22.0,6.65,87.0,152.8735632183908,0.0,0.0,9.0,11.0,28.0,112.0,673.0,25.0,26.92,6.008928571428571,26.88,1.0,0.0,273.0,5.0,1.5,0.0
67,Shahbaz Ahmed,14.0,3.0,278.0,14.0,45.0,19.857142857142858,234.0,118.80341880341881,0.0,0.0,18.0,11.0,20.0,49.0,428.0,11.0,38.90909090909091,8.73469387755102,26.727272727272727,0.0,0.0,0.0,0.0,0.0,0.0
68,Harshal Patel,16.0,7.0,102.0,31.0,11.0,6.375,85.0,120.0,0.0,0.0,10.0,4.0,30.0,109.3,869.0,51.0,17.03921568627451,7.950594693504117,12.858823529411763,2.0,1.0,252.0,6.0,0.0,0.0
69,Vijay Shankar,10.0,0.0,77.0,28.0,13.0,7.7,87.0,88.50574712643679,0.0,0.0,2.0,3.0,0.0,0.0,0.0,0.0,0.0,0.0,0.0,0.0,0.0,0.0,0.0,1.5,0.0
70,Sam Curran,8.0,0.0,0.0,34.0,0.0,0.0,0.0,0.0,0.0,0.0,0.0,0.0,0.0,0.0,0.0,0.0,0.0,0.0,0.0,0.0,0.0,0.0,0.0,0.0,0.0
71,Kedar Jadhav,10.0,0.0,0.0,19.0,0.0,0.0,0.0,0.0,0.0,0.0,0.0,0.0,0.0,0.0,0.0,0.0,0.0,0.0,0.0,0.0,0.0,0.0,0.0,0.0,0.0
72,Chris Lynn,2.0,0.0,0.0,49.0,0.0,0.0,0.0,0.0,0.0,0.0,0.0,0.0,0.0,0.0,0.0,0.0,0.0,0.0,0.0,0.0,0.0,0.0,0.0,0.0,0.0
73,Shakib Al Hasan,12.0,0.0,0.0,26.0,0.0,0.0,0.0,0.0,0.0,0.0,0.0,0.0,0.0,0.0,0.0,0.0,0.0,0.0,0.0,0.0,0.0,0.0,0.0,0.0,0.0
74,Dwayne Bravo,6.0,6.0,70.0,23.0,12.0,11.666666666666666,42.0,166.66666666666666,0.0,0.0,4.0,5.0,21.0,67.2,562.0,30.0,18.733333333333334,8.363095238095237,13.440000000000001,0.0,0.0,143.0,5.0,0.0,0.0
75,Ravichandran Ashwin,10.0,7.0,235.0,20.0,50.0,23.5,177.0,132.7683615819209,0.0,1.0,16.0,10.0,30.0,111.0,834.0,19.0,43.89473684210526,7.513513513513513,35.05263157894737,0.0,0.0,217.0,8.0,0.0,0.0
76,Manan Vohra,8.0,0.0,61.0,14.0,19.0,7.625,50.0,122.0,0.0,0.0,6.0,4.0,0.0,0.0,0.0,0.0,0.0,0.0,0.0,0.0,0.0,0.0,0.0,0.0,0.0
77,Liam Livingstone,10.0,2.0,479.0,25.0,70.0,47.9,281.0,170.4626334519573,0.0,4.0,32.0,35.0,0.0,0.0,0.0,0.0,0.0,0.0,0.0,0.0,0.0,0.0,0.0,0.0,0.0
78,Jaydev Unadkat,6.0,3.0,100.0,24.0,19.0,16.666666666666668,66.0,151.5151515151515,0.0,0.0,7.0,5.0,11.0,42.0,358.0,10.0,35.8,8.523809523809524,25.2,0.0,0.0,88.0,2.0,0.0,0.0
79,Axar Patel,12.0,7.0,222.0,12.0,42.0,18.5,166.0,133.73493975903614,0.0,0.0,14.0,11.0,25.0,89.0,627.0,21.0,29.857142857142858,7.044943820224719,25.428571428571427,0.0,0.0,185.0,12.0,0.0,0.0
80,Mohammad Nabi,6.0,0.0,0.0,17.0,0.0,0.0,0.0,0.0,0.0,0.0,0.0,0.0,0.0,0.0,0.0,0.0,0.0,0.0,0.0,0.0,0.0,0.0,0.0,0.0,0.0
81,Jayant Yadav,6.0,0.0,0.0,23.0,0.0,0.0,0.0,0.0,0.0,0.0,0.0,0.0,0.0,0.0,0.0,0.0,0.0,0.0,0.0,0.0,0.0,0.0,0.0,0.0,0.0
82,Bhuvneshwar Kumar,14.0,9.0,58.0,14.0,8.0,4.142857142857143,56.0,103.57142857142857,0.0,0.0,6.0,0.0,25.0,94.1,718.0,18.0,39.888888888888886,7.630180658873539,31.36666666666666,0.0,0.0,242.0,2.0,3.0,0.0
83,Chris Jordan,4.0,1.0,43.0,30.0,6.0,10.75,29.0,148.27586206896552,0.0,0.0,1.0,3.0,8.0,24.5,231.0,6.0,38.5,9.428571428571429,24.5,0.0,0.0,0.0,0.0,1.5,0.0
84,Moises Henriques,8.0,0.0,0.0,14.0,0.0,0.0,0.0,0.0,0.0,0.0,0.0,0.0,0.0,0.0,0.0,0.0,0.0,0.0,0.0,0.0,0.0,0.0,0.0,0.0,0.0
85,Washington Sundar,8.0,0.0,132.0,10.0,40.0,16.5,116.0,113.79310344827586,0.0,0.0,11.0,3.0,14.0,44.0,357.0,9.0,39.666666666666664,8.113636363636363,29.333333333333332,0.0,0.0,0.0,0.0,0.0,0.0
86,Dawid Malan,2.0,0.0,0.0,26.0,0.0,0.0,0.0,0.0,0.0,0.0,0.0,0.0,0.0,0.0,0.0,0.0,0.0,0.0,0.0,0.0,0.0,0.0,0.0,0.0,0.0
87,Glenn Phillips,6.0,0.0,0.0,14.0,0.0,0.0,0.0,0.0,0.0,0.0,0.0,0.0,0.0,0.0,0.0,0.0,0.0,0.0,0.0,0.0,0.0,0.0,0.0,0.0,0.0
88,Ripal Patel,4.0,1.0,31.0,18.0,6.0,7.75,30.0,103.33333333333333,0.0,0.0,3.0,1.0,0.0,0.0,0.0,0.0,0.0,0.0,0.0,0.0,0.0,0.0,0.0,0.0,0.0
89,Shivam Mavi,4.0,1.0,28.0,20.0,2.0,7.0,27.0,103.70370370370371,0.0,0.0,2.0,2.0,15.0,54.0,460.0,16.0,28.75,8.518518518518519,20.25,1.0,0.0,140.0,9.0,0.0,0.0
90,Tom Curran,4.0,0.0,0.0,21.0,0.0,0.0,0.0,0.0,0.0,0.0,0.0,0.0,0.0,0.0,0.0,0.0,0.0,0.0,0.0,0.0,0.0,0.0,0.0,0.0,0.0
91,Mohammed Siraj,8.0,6.0,50.0,12.0,14.0,6.25,59.0,84.7457627118644,0.0,0.0,6.0,1.0,30.0,103.0,867.0,20.0,43.35,8.41747572815534,30.9,0.0,0.0,276.0,10.0,0.0,0.0
92,Prabhsimran Singh,4.0,0.0,0.0,12.0,0.0,0.0,0.0,0.0,0.0,0.0,0.0,0.0,0.0,0.0,0.0,0.0,0.0,0.0,0.0,0.0,0.0,0.0,0.0,0.0,0.0
93,Nathan Ellis,4.0,0.0,0.0,12.0,0.0,0.0,0.0,0.0,0.0,0.0,0.0,0.0,5.0,18.0,153.0,4.0,38.25,8.5,27.0,0.0,0.0,0.0,0.0,0.0,0.0
94,Lockie Ferguson,6.0,4.0,23.0,18.0,5.0,3.8333333333333335,15.0,153.33333333333334,0.0,0.0,2.0,1.0,21.0,77.4,651.0,25.0,26.04,8.410852713178294,18.576,1.0,0.0,192.0,5.0,1.5,0.0
95,Anmolpreet Singh,2.0,0.0,29.0,16.0,8.0,14.5,27.0,107.4074074074074,0.0,0.0,3.0,1.0,0.0,0.0,0.0,0.0,0.0,0.0,0.0,0.0,0.0,0.0,0.0,0.0,0.0
96,Adam Milne,6.0,0.0,0.0,15.0,0.0,0.0,0.0,0.0,0.0,0.0,0.0,0.0,0.0,0.0,0.0,0.0,0.0,0.0,0.0,0.0,0.0,0.0,0.0,0.0,0.0
97,Chetan Sakariya,12.0,0.0,0.0,7.0,0.0,0.0,0.0,0.0,0.0,0.0,0.0,0.0,17.0,63.0,510.0,17.0,30.0,8.095238095238095,22.235294117647058,0.0,0.0,134.0,6.0,0.0,0.0
98,Jasprit Bumrah,14.0,0.0,0.0,5.0,0.0,0.0,0.0,0.0,0.0,0.0,0.0,0.0,28.0,108.2,793.0,36.0,22.02777777777778,7.3290203327171906,18.033333333333335,0.0,1.0,281.0,6.0,0.0,0.0
99,Mandeep Singh,2.0,0.0,33.0,15.0,18.0,16.5,37.0,89.1891891891892,0.0,0.0,6.0,0.0,0.0,0.0,0.0,0.0,0.0,0.0,0.0,0.0,0.0,0.0,0.0,0.0,0.0
100,Chris Woakes,2.0,0.0,0.0,15.0,0.0,0.0,0.0,0.0,0.0,0.0,0.0,0.0,0.0,0.0,0.0,0.0,0.0,0.0,0.0,0.0,0.0,0.0,0.0,0.0,0.0
101,Jhye Richardson,4.0,0.0,0.0,15.0,0.0,0.0,0.0,0.0,0.0,0.0,0.0,0.0,0.0,0.0,0.0,0.0,0.0,0.0,0.0,0.0,0.0,0.0,0.0,0.0,0.0
102,Murugan Ashwin,4.0,2.0,27.0,9.0,6.0,6.75,38.0,71.05263157894737,0.0,0.0,2.0,1.0,11.0,40.0,325.0,10.0,32.5,8.125,24.0,0.0,0.0,0.0,0.0,0.0,0.0
103,Virat Singh,4.0,0.0,0.0,11.0,0.0,0.0,0.0,0.0,0.0,0.0,0.0,0.0,0.0,0.0,0.0,0.0,0.0,0.0,0.0,0.0,0.0,0.0,0.0,0.0,0.0
104,Jagadeesha Suchith,2.0,1.0,16.0,14.0,2.0,8.0,14.0,114.28571428571429,0.0,0.0,2.0,1.0,0.0,0.0,0.0,0.0,0.0,0.0,0.0,0.0,0.0,0.0,0.0,1.5,0.0
105,Dan Christian,14.0,0.0,0.0,9.0,0.0,0.0,0.0,0.0,0.0,0.0,0.0,0.0,0.0,0.0,0.0,0.0,0.0,0.0,0.0,0.0,0.0,0.0,0.0,0.0,0.0
106,Rahul Chahar,10.0,2.0,91.0,8.0,25.0,9.1,83.0,109.63855421686748,0.0,0.0,8.0,4.0,24.0,89.4,678.0,27.0,25.11111111111111,7.583892617449664,19.86666666666667,1.0,0.0,192.0,8.0,0.0,0.0
107,Mohammad Shami,8.0,0.0,0.0,9.0,0.0,0.0,0.0,0.0,0.0,0.0,0.0,0.0,30.0,113.0,883.0,39.0,22.641025641025642,7.814159292035399,17.384615384615383,0.0,0.0,0.0,0.0,0.0,0.0
108,Kagiso Rabada,6.0,5.0,61.0,9.0,25.0,10.166666666666666,49.0,124.48979591836735,0.0,0.0,7.0,2.0,28.0,104.0,862.0,38.0,22.68421052631579,8.288461538461538,16.42105263157895,2.0,0.0,268.0,11.0,0.0,0.0
109,Yuzvendra Chahal,4.0,3.0,15.0,8.0,5.0,3.75,35.0,42.857142857142854,0.0,0.0,0.0,0.0,32.0,121.0,901.0,45.0,20.022222222222222,7.446280991735537,16.133333333333333,1.0,1.0,264.0,4.0,3.0,0.0
110,Ajinkya Rahane,2.0,0.0,141.0,8.0,44.0,70.5,136.0,103.67647058823529,0.0,0.0,15.0,4.0,0.0,0.0,0.0,0.0,0.0,0.0,0.0,0.0,0.0,0.0,0.0,1.5,0.0
111,Sandeep Sharma,4.0,0.0,0.0,8.0,0.0,0.0,0.0,0.0,0.0,0.0,0.0,0.0,12.0,43.0,356.0,5.0,71.2,8.279069767441861,51.6,0.0,0.0,112.0,3.0,0.0,0.0
112,Siddarth Kaul,4.0,0.0,0.0,7.0,0.0,0.0,0.0,0.0,0.0,0.0,0.0,0.0,0.0,0.0,0.0,0.0,0.0,0.0,0.0,0.0,0.0,76.0,1.0,0.0,0.0
113,Mustafizur Rahman,10.0,6.0,11.0,8.0,3.0,1.1,19.0,57.89473684210526,0.0,0.0,0.0,1.0,22.0,84.0,680.0,22.0,30.90909090909091,8.095238095238095,22.90909090909091,0.0,0.0,189.0,2.0,0.0,0.0
114,Sachin Baby,2.0,0.0,0.0,7.0,0.0,0.0,0.0,0.0,0.0,0.0,0.0,0.0,0.0,0.0,0.0,0.0,0.0,0.0,0.0,0.0,0.0,0.0,0.0,0.0,0.0
115,Shreyas Gopal,4.0,2.0,16.0,7.0,9.0,4.0,12.0,133.33333333333334,0.0,0.0,2.0,1.0,0.0,0.0,0.0,0.0,0.0,0.0,0.0,0.0,0.0,0.0,0.0,0.0,0.0
116,Daniel Sams,4.0,4.0,44.0,3.0,15.0,11.0,42.0,104.76190476190476,0.0,0.0,1.0,3.0,13.0,48.0,409.0,14.0,29.214285714285715,8.520833333333334,20.571428571428573,1.0,0.0,0.0,0.0,0.0,0.0
117,Fabian Allen,6.0,2.0,14.0,6.0,8.0,2.3333333333333335,19.0,73.6842105263158,0.0,0.0,1.0,0.0,4.0,15.0,136.0,2.0,68.0,9.066666666666666,45.0,0.0,0.0,0.0,0.0,0.0,0.0
118,Avesh Khan,2.0,4.0,27.0,5.0,12.0,13.5,16.0,168.75,0.0,0.0,1.0,3.0,29.0,108.4,866.0,42.0,20.61904761904762,7.988929889298893,15.485714285714288,1.0,0.0,282.0,3.0,0.0,0.0
119,Shardul Thakur,8.0,4.0,125.0,3.0,29.0,15.625,92.0,135.8695652173913,0.0,0.0,7.0,7.0,30.0,108.2,1000.0,36.0,27.77777777777778,9.242144177449168,18.033333333333335,1.0,0.0,246.0,9.0,0.0,0.0
120,Harbhajan Singh,4.0,0.0,0.0,2.0,0.0,0.0,0.0,0.0,0.0,0.0,0.0,0.0,0.0,0.0,0.0,0.0,0.0,0.0,0.0,0.0,0.0,0.0,0.0,0.0,0.0
121,Nathan Coulter-Nile,4.0,1.0,5.0,3.0,1.0,1.25,7.0,71.42857142857143,0.0,0.0,0.0,0.0,0.0,0.0,0.0,0.0,0.0,0.0,0.0,0.0,0.0,57.0,2.0,0.0,0.0
122,Tim Southee,2.0,1.0,5.0,3.0,1.0,2.5,17.0,29.41176470588235,0.0,0.0,0.0,0.0,12.0,47.0,370.0,17.0,21.764705882352942,7.872340425531915,16.58823529411765,0.0,0.0,0.0,0.0,0.0,0.0
123,Tabraiz Shamsi,2.0,0.0,0.0,2.0,0.0,0.0,0.0,0.0,0.0,0.0,0.0,0.0,0.0,0.0,0.0,0.0,0.0,0.0,0.0,0.0,0.0,0.0,0.0,0.0,0.0
124,Tim Seifert,2.0,0.0,26.0,2.0,21.0,13.0,23.0,113.04347826086956,0.0,0.0,4.0,0.0,0.0,0.0,0.0,0.0,0.0,0.0,0.0,0.0,0.0,0.0,0.0,0.0,0.0
125,Navdeep Saini,2.0,0.0,4.0,2.0,2.0,2.0,6.0,66.66666666666667,0.0,0.0,0.0,0.0,0.0,0.0,0.0,0.0,0.0,0.0,0.0,0.0,0.0,0.0,0.0,0.0,0.0
126,Kartik Tyagi,4.0,1.0,9.0,1.0,7.0,2.25,10.0,90.0,0.0,0.0,1.0,0.0,6.0,22.0,203.0,5.0,40.6,9.227272727272727,26.4,0.0,0.0,0.0,0.0,0.0,0.0
127,George Garton,6.0,0.0,0.0,2.0,0.0,0.0,0.0,0.0,0.0,0.0,0.0,0.0,0.0,0.0,0.0,0.0,0.0,0.0,0.0,0.0,0.0,0.0,0.0,0.0,0.0
128,Arshdeep Singh,4.0,5.0,23.0,1.0,10.0,5.75,32.0,71.875,0.0,0.0,3.0,0.0,26.0,91.0,727.0,28.0,25.964285714285715,7.989010989010989,19.5,0.0,1.0,198.0,8.0,1.5,0.0
129,Varun Chakaravarthy,6.0,6.0,14.0,2.0,10.0,2.3333333333333335,22.0,63.63636363636363,0.0,0.0,2.0,0.0,28.0,107.0,780.0,24.0,32.5,7.289719626168225,26.75,0.0,0.0,0.0,0.0,0.0,0.0
130,Mujeeb Ur Rahman,2.0,0.0,0.0,1.0,0.0,0.0,0.0,0.0,0.0,0.0,0.0,0.0,0.0,0.0,0.0,0.0,0.0,0.0,0.0,0.0,0.0,0.0,0.0,0.0,0.0
131,Tim David,2.0,3.0,187.0,1.0,46.0,93.5,89.0,210.1123595505618,0.0,0.0,12.0,16.0,0.0,0.0,0.0,0.0,0.0,0.0,0.0,0.0,0.0,0.0,0.0,0.0,0.0
132,Wanindu Hasaranga,4.0,1.0,39.0,1.0,18.0,9.75,45.0,86.66666666666667,0.0,0.0,4.0,1.0,0.0,0.0,0.0,0.0,0.0,0.0,0.0,0.0,0.0,0.0,0.0,3.0,0.0
133,Khaleel Ahmed,2.0,0.0,0.0,1.0,0.0,0.0,0.0,0.0,0.0,0.0,0.0,0.0,17.0,66.1,534.0,21.0,25.428571428571427,8.078668683812406,18.885714285714283,0.0,0.0,0.0,0.0,0.0,0.0
134,Ravi Bishnoi,2.0,0.0,0.0,1.0,0.0,0.0,0.0,0.0,0.0,0.0,0.0,0.0,23.0,89.0,678.0,25.0,27.12,7.617977528089888,21.36,0.0,0.0,200.0,5.0,4.5,0.0
135,Trent Boult,8.0,10.0,41.0,1.0,17.0,5.125,33.0,124.24242424242425,0.0,0.0,2.0,1.0,30.0,113.0,898.0,29.0,30.96551724137931,7.946902654867257,23.379310344827587,0.0,0.0,314.0,7.0,0.0,0.0
136,Deepak Chahar,4.0,0.0,0.0,1.0,0.0,0.0,0.0,0.0,0.0,0.0,0.0,0.0,0.0,0.0,0.0,0.0,0.0,0.0,0.0,0.0,0.0,0.0,0.0,0.0,0.0
137,Ben Stokes,2.0,0.0,0.0,0.0,0.0,0.0,0.0,0.0,0.0,0.0,0.0,0.0,0.0,0.0,0.0,0.0,0.0,0.0,0.0,0.0,0.0,0.0,0.0,0.0,0.0
138,Kamlesh Nagarkoti,2.0,0.0,0.0,0.0,0.0,0.0,0.0,0.0,0.0,0.0,0.0,0.0,0.0,0.0,0.0,0.0,0.0,0.0,0.0,0.0,0.0,0.0,0.0,0.0,0.0
139,Kuldip Yadav,2.0,0.0,0.0,0.0,0.0,0.0,0.0,0.0,0.0,0.0,0.0,0.0,0.0,0.0,0.0,0.0,0.0,0.0,0.0,0.0,0.0,0.0,0.0,0.0,0.0
140,Piyush Chawla,2.0,0.0,0.0,0.0,0.0,0.0,0.0,0.0,0.0,0.0,0.0,0.0,0.0,0.0,0.0,0.0,0.0,0.0,0.0,0.0,0.0,0.0,0.0,0.0,0.0
141,Shahbaz Nadeem,2.0,0.0,0.0,0.0,0.0,0.0,0.0,0.0,0.0,0.0,0.0,0.0,0.0,0.0,0.0,0.0,0.0,0.0,0.0,0.0,0.0,0.0,0.0,0.0,0.0
142,Anuj Rawat,2.0,0.0,129.0,0.0,66.0,64.5,119.0,108.40336134453781,0.0,1.0,10.0,7.0,0.0,0.0,0.0,0.0,0.0,0.0,0.0,0.0,0.0,0.0,0.0,0.0,0.0
143,Marco Jansen,4.0,2.0,9.0,0.0,8.0,2.25,10.0,90.0,0.0,0.0,0.0,1.0,10.0,38.0,319.0,9.0,35.44444444444444,8.394736842105264,25.333333333333332,0.0,0.0,0.0,0.0,0.0,0.0
144,Sarfaraz Khan,4.0,2.0,91.0,0.0,36.0,22.75,71.0,128.16901408450704,0.0,0.0,9.0,2.0,0.0,0.0,0.0,0.0,0.0,0.0,0.0,0.0,0.0,0.0,0.0,0.0,0.0
145,Jimmy Neesham,4.0,0.0,0.0,0.0,0.0,0.0,0.0,0.0,0.0,0.0,0.0,0.0,0.0,0.0,0.0,0.0,0.0,0.0,0.0,0.0,0.0,0.0,0.0,0.0,0.0
146,Prasidh Krishna,4.0,3.0,6.0,0.0,4.0,1.5,13.0,46.15384615384615,0.0,0.0,0.0,0.0,27.0,104.3,902.0,31.0,29.096774193548388,8.648130393096837,20.187096774193545,0.0,0.0,302.0,5.0,1.5,0.0
147,Anrich Nortje,0.0,0.0,0.0,0.0,1.0,0.0,0.0,0.0,0.0,0.0,0.0,0.0,14.0,52.2,404.0,21.0,19.238095238095237,7.739463601532567,14.914285714285716,0.0,0.0,133.0,3.0,0.0,0.0
148,Josh Hazlewood,0.0,0.0,0.0,0.0,7.0,0.0,0.0,0.0,0.0,0.0,0.0,0.0,21.0,81.3,670.0,31.0,21.612903225806452,8.24108241082411,15.735483870967741,1.0,0.0,210.0,2.0,0.0,0.0
149,Amit Mishra,0.0,0.0,0.0,0.0,0.0,0.0,0.0,0.0,0.0,0.0,0.0,0.0,0.0,0.0,0.0,0.0,0.0,0.0,0.0,0.0,0.0,0.0,0.0,0.0,0.0
150,Lungi Ngidi,0.0,0.0,0.0,0.0,0.0,0.0,0.0,0.0,0.0,0.0,0.0,0.0,0.0,0.0,0.0,0.0,0.0,0.0,0.0,0.0,0.0,0.0,0.0,0.0,0.0
151,Riley Meredith,0.0,0.0,0.0,0.0,0.0,0.0,0.0,0.0,0.0,0.0,0.0,0.0,13.0,45.0,405.0,12.0,33.75,9.0,22.5,0.0,0.0,0.0,0.0,0.0,0.0
152,T Natarajan,0.0,0.0,0.0,0.0,0.0,0.0,0.0,0.0,0.0,0.0,0.0,0.0,13.0,51.0,475.0,20.0,23.75,9.313725490196079,15.3,0.0,0.0,0.0,0.0,4.5,0.0
153,Imran Tahir,0.0,0.0,0.0,0.0,0.0,0.0,0.0,0.0,0.0,0.0,0.0,0.0,0.0,0.0,0.0,0.0,0.0,0.0,0.0,0.0,0.0,0.0,0.0,0.0,0.0
154,Umran Malik,0.0,0.0,0.0,0.0,3.0,0.0,0.0,0.0,0.0,0.0,0.0,0.0,17.0,61.1,540.0,24.0,22.5,8.8379705400982,15.275,1.0,1.0,0.0,0.0,0.0,0.0
155,Ishan Porel,0.0,0.0,0.0,0.0,0.0,0.0,0.0,0.0,0.0,0.0,0.0,0.0,0.0,0.0,0.0,0.0,0.0,0.0,0.0,0.0,0.0,0.0,0.0,0.0,0.0
156,Ishant Sharma,0.0,0.0,0.0,0.0,0.0,0.0,0.0,0.0,0.0,0.0,0.0,0.0,0.0,0.0,0.0,0.0,0.0,0.0,0.0,0.0,0.0,0.0,0.0,0.0,0.0
157,Kane Richardson,0.0,0.0,0.0,0.0,0.0,0.0,0.0,0.0,0.0,0.0,0.0,0.0,0.0,0.0,0.0,0.0,0.0,0.0,0.0,0.0,0.0,0.0,0.0,0.0,0.0
158,KM Asif,0.0,0.0,0.0,0.0,0.0,0.0,0.0,0.0,0.0,0.0,0.0,0.0,0.0,0.0,0.0,0.0,0.0,0.0,0.0,0.0,0.0,0.0,0.0,0.0,0.0
159,Lukman Meriwala,0.0,0.0,0.0,0.0,0.0,0.0,0.0,0.0,0.0,0.0,0.0,0.0,0.0,0.0,0.0,0.0,0.0,0.0,0.0,0.0,0.0,0.0,0.0,0.0,0.0
160,Lokesh Rahul,0.0,0.0,0.0,0.0,0.0,0.0,0.0,0.0,0.0,0.0,0.0,0.0,0.0,0.0,0.0,0.0,0.0,0.0,0.0,0.0,0.0,0.0,20.0,3.0,0.0
161,Varun Chakravarthy,0.0,0.0,0.0,0.0,0.0,0.0,0.0,0.0,0.0,0.0,0.0,0.0,0.0,0.0,0.0,0.0,0.0,0.0,0.0,0.0,0.0,237.0,3.0,1.5,0.0
162,Mohammed Shami,0.0,0.0,0.0,0.0,0.0,0.0,0.0,0.0,0.0,0.0,0.0,0.0,0.0,0.0,0.0,0.0,0.0,0.0,0.0,0.0,0.0,317.0,4.0,3.0,0.0
163,Syed Khaleel,0.0,0.0,0.0,0.0,0.0,0.0,0.0,0.0,0.0,0.0,0.0,0.0,0.0,0.0,0.0,0.0,0.0,0.0,0.0,0.0,0.0,166.0,0.0,0.0,0.0
164,Shahbaz Ahamad,0.0,0.0,0.0,0.0,0.0,0.0,0.0,0.0,0.0,0.0,0.0,0.0,0.0,0.0,0.0,0.0,0.0,0.0,0.0,0.0,0.0,79.0,12.0,3.0,0.0
165,Daniel Christian,0.0,0.0,0.0,0.0,0.0,0.0,0.0,0.0,0.0,0.0,0.0,0.0,0.0,0.0,0.0,0.0,0.0,0.0,0.0,0.0,0.0,0.0,0.0,0.0,0.0
166,K S Bharat,0.0,0.0,0.0,0.0,0.0,0.0,0.0,0.0,0.0,0.0,0.0,0.0,0.0,0.0,0.0,0.0,0.0,0.0,0.0,0.0,0.0,0.0,4.0,0.0,1.0
167,K L Rahul,0.0,0.0,0.0,0.0,103.0,0.0,0.0,0.0,0.0,0.0,0.0,0.0,0.0,0.0,0.0,0.0,0.0,0.0,0.0,0.0,0.0,0.0,0.0,0.0,0.0
168,Quinton De Kock,0.0,0.0,0.0,0.0,140.0,0.0,0.0,0.0,0.0,0.0,0.0,0.0,0.0,0.0,0.0,0.0,0.0,0.0,0.0,0.0,0.0,0.0,0.0,0.0,0.0
169,Faf Du Plessis,0.0,0.0,0.0,0.0,96.0,0.0,0.0,0.0,0.0,0.0,0.0,0.0,0.0,0.0,0.0,0.0,0.0,0.0,0.0,0.0,0.0,0.0,0.0,0.0,0.0
170,Tilak Varma,0.0,0.0,0.0,0.0,61.0,0.0,0.0,0.0,0.0,0.0,0.0,0.0,0.0,0.0,0.0,0.0,0.0,0.0,0.0,0.0,0.0,0.0,0.0,0.0,0.0
171,Rajat Patidar,0.0,0.0,0.0,0.0,112.0,0.0,0.0,0.0,0.0,0.0,0.0,0.0,0.0,0.0,0.0,0.0,0.0,0.0,0.0,0.0,0.0,0.0,0.0,0.0,0.0
172,Devon Conway,0.0,0.0,0.0,0.0,87.0,0.0,0.0,0.0,0.0,0.0,0.0,0.0,0.0,0.0,0.0,0.0,0.0,0.0,0.0,0.0,0.0,0.0,0.0,1.5,0.0
173,Mitchell Marsh,0.0,0.0,0.0,0.0,89.0,0.0,0.0,0.0,0.0,0.0,0.0,0.0,0.0,0.0,0.0,0.0,0.0,0.0,0.0,0.0,0.0,0.0,0.0,0.0,0.0
174,Rovman Powell,0.0,0.0,0.0,0.0,67.0,0.0,0.0,0.0,0.0,0.0,0.0,0.0,0.0,0.0,0.0,0.0,0.0,0.0,0.0,0.0,0.0,0.0,0.0,0.0,0.0
175,Jitesh Sharma,0.0,0.0,0.0,0.0,44.0,0.0,0.0,0.0,0.0,0.0,0.0,0.0,0.0,0.0,0.0,0.0,0.0,0.0,0.0,0.0,0.0,0.0,0.0,4.5,0.0
176,Bhanuka Rajapaksa,0.0,0.0,0.0,0.0,43.0,0.0,0.0,0.0,0.0,0.0,0.0,0.0,0.0,0.0,0.0,0.0,0.0,0.0,0.0,0.0,0.0,0.0,0.0,0.0,0.0
177,Rinku Singh,0.0,0.0,0.0,0.0,42.0,0.0,0.0,0.0,0.0,0.0,0.0,0.0,0.0,0.0,0.0,0.0,0.0,0.0,0.0,0.0,0.0,0.0,0.0,3.0,0.0
178,Sam Billings,0.0,0.0,0.0,0.0,36.0,0.0,0.0,0.0,0.0,0.0,0.0,0.0,0.0,0.0,0.0,0.0,0.0,0.0,0.0,0.0,0.0,0.0,0.0,0.0,0.0
179,Dewald Brevis,0.0,0.0,0.0,0.0,49.0,0.0,0.0,0.0,0.0,0.0,0.0,0.0,0.0,0.0,0.0,0.0,0.0,0.0,0.0,0.0,0.0,0.0,0.0,0.0,0.0
180,Ayush Badoni,0.0,0.0,0.0,0.0,54.0,0.0,0.0,0.0,0.0,0.0,0.0,0.0,0.0,0.0,0.0,0.0,0.0,0.0,0.0,0.0,0.0,0.0,0.0,1.5,0.0
181,Matthew Wade,0.0,0.0,0.0,0.0,35.0,0.0,0.0,0.0,0.0,0.0,0.0,0.0,0.0,0.0,0.0,0.0,0.0,0.0,0.0,0.0,0.0,0.0,0.0,1.5,0.0
182,Sai Sudharsan,0.0,0.0,0.0,0.0,65.0,0.0,0.0,0.0,0.0,0.0,0.0,0.0,0.0,0.0,0.0,0.0,0.0,0.0,0.0,0.0,0.0,0.0,0.0,0.0,0.0
183,Abhinav Manohar,0.0,0.0,0.0,0.0,43.0,0.0,0.0,0.0,0.0,0.0,0.0,0.0,0.0,0.0,0.0,0.0,0.0,0.0,0.0,0.0,0.0,0.0,0.0,1.5,0.0
184,Aaron Finch,0.0,0.0,0.0,0.0,58.0,0.0,0.0,0.0,0.0,0.0,0.0,0.0,0.0,0.0,0.0,0.0,0.0,0.0,0.0,0.0,0.0,0.0,0.0,0.0,0.0
185,Shashank Singh,0.0,0.0,0.0,0.0,25.0,0.0,0.0,0.0,0.0,0.0,0.0,0.0,0.0,0.0,0.0,0.0,0.0,0.0,0.0,0.0,0.0,0.0,0.0,0.0,0.0
186,Suyash S Prabhudessai,0.0,0.0,0.0,0.0,34.0,0.0,0.0,0.0,0.0,0.0,0.0,0.0,0.0,0.0,0.0,0.0,0.0,0.0,0.0,0.0,0.0,0.0,0.0,0.0,0.0
187,Romario Shepherd,0.0,0.0,0.0,0.0,26.0,0.0,0.0,0.0,0.0,0.0,0.0,0.0,0.0,0.0,0.0,0.0,0.0,0.0,0.0,0.0,0.0,0.0,0.0,1.5,0.0
188,Umesh Yadav,0.0,0.0,0.0,0.0,21.0,0.0,0.0,0.0,0.0,0.0,0.0,0.0,0.0,0.0,0.0,0.0,0.0,0.0,0.0,0.0,0.0,0.0,0.0,0.0,0.0
189,Odean Smith,0.0,0.0,0.0,0.0,25.0,0.0,0.0,0.0,0.0,0.0,0.0,0.0,0.0,0.0,0.0,0.0,0.0,0.0,0.0,0.0,0.0,0.0,0.0,1.5,0.0
190,Kuldeep Yadav,0.0,0.0,0.0,0.0,16.0,0.0,0.0,0.0,0.0,0.0,0.0,0.0,0.0,0.0,0.0,0.0,0.0,0.0,0.0,0.0,0.0,0.0,0.0,0.0,0.0
191,Ramandeep Singh,0.0,0.0,0.0,0.0,14.0,0.0,0.0,0.0,0.0,0.0,0.0,0.0,0.0,0.0,0.0,0.0,0.0,0.0,0.0,0.0,0.0,0.0,0.0,3.0,0.0
192,Dwaine Pretorius,0.0,0.0,0.0,0.0,22.0,0.0,0.0,0.0,0.0,0.0,0.0,0.0,0.0,0.0,0.0,0.0,0.0,0.0,0.0,0.0,0.0,0.0,0.0,1.5,0.0
193,Dushmantha Chameera,0.0,0.0,0.0,0.0,17.0,0.0,0.0,0.0,0.0,0.0,0.0,0.0,0.0,0.0,0.0,0.0,0.0,0.0,0.0,0.0,0.0,0.0,0.0,1.5,0.0
194,Hrithik Shokeen,0.0,0.0,0.0,0.0,25.0,0.0,0.0,0.0,0.0,0.0,0.0,0.0,0.0,0.0,0.0,0.0,0.0,0.0,0.0,0.0,0.0,0.0,0.0,0.0,0.0
195,Jagadeesan Narayan,0.0,0.0,0.0,0.0,39.0,0.0,0.0,0.0,0.0,0.0,0.0,0.0,0.0,0.0,0.0,0.0,0.0,0.0,0.0,0.0,0.0,0.0,0.0,0.0,0.0
196,Rishi Dhawan,0.0,0.0,0.0,0.0,21.0,0.0,0.0,0.0,0.0,0.0,0.0,0.0,0.0,0.0,0.0,0.0,0.0,0.0,0.0,0.0,0.0,0.0,0.0,3.0,0.0
197,Daryl Mitchell,0.0,0.0,0.0,0.0,17.0,0.0,0.0,0.0,0.0,0.0,0.0,0.0,0.0,0.0,0.0,0.0,0.0,0.0,0.0,0.0,0.0,0.0,0.0,0.0,0.0
198,Sherfane Rutherford,0.0,0.0,0.0,0.0,28.0,0.0,0.0,0.0,0.0,0.0,0.0,0.0,0.0,0.0,0.0,0.0,0.0,0.0,0.0,0.0,0.0,0.0,0.0,0.0,0.0
199,James Neesham,0.0,0.0,0.0,0.0,17.0,0.0,0.0,0.0,0.0,0.0,0.0,0.0,0.0,0.0,0.0,0.0,0.0,0.0,0.0,0.0,0.0,0.0,0.0,0.0,0.0
200,Mohsin Khan,0.0,0.0,0.0,0.0,13.0,0.0,0.0,0.0,0.0,0.0,0.0,0.0,0.0,0.0,0.0,0.0,0.0,0.0,0.0,0.0,0.0,0.0,0.0,0.0,0.0
201,Sheldon Jackson,0.0,0.0,0.0,0.0,8.0,0.0,0.0,0.0,0.0,0.0,0.0,0.0,0.0,0.0,0.0,0.0,0.0,0.0,0.0,0.0,0.0,0.0,0.0,1.5,0.0
202,Rassie van der Dussen,0.0,0.0,0.0,0.0,12.0,0.0,0.0,0.0,0.0,0.0,0.0,0.0,0.0,0.0,0.0,0.0,0.0,0.0,0.0,0.0,0.0,0.0,0.0,0.0,0.0
203,Mitchell Santner,0.0,0.0,0.0,0.0,11.0,0.0,0.0,0.0,0.0,0.0,0.0,0.0,0.0,0.0,0.0,0.0,0.0,0.0,0.0,0.0,0.0,0.0,0.0,1.5,0.0
204,B Indrajith,0.0,0.0,0.0,0.0,15.0,0.0,0.0,0.0,0.0,0.0,0.0,0.0,0.0,0.0,0.0,0.0,0.0,0.0,0.0,0.0,0.0,0.0,0.0,0.0,0.0
205,David Willey,0.0,0.0,0.0,0.0,18.0,0.0,0.0,0.0,0.0,0.0,0.0,0.0,0.0,0.0,0.0,0.0,0.0,0.0,0.0,0.0,0.0,0.0,0.0,0.0,0.0
206,Karun Nair,0.0,0.0,0.0,0.0,13.0,0.0,0.0,0.0,0.0,0.0,0.0,0.0,0.0,0.0,0.0,0.0,0.0,0.0,0.0,0.0,0.0,0.0,0.0,0.0,0.0
207,Simran Singh,0.0,0.0,0.0,0.0,14.0,0.0,0.0,0.0,0.0,0.0,0.0,0.0,0.0,0.0,0.0,0.0,0.0,0.0,0.0,0.0,0.0,0.0,0.0,0.0,0.0
208,Rajangad Bawa,0.0,0.0,0.0,0.0,11.0,0.0,0.0,0.0,0.0,0.0,0.0,0.0,0.0,0.0,0.0,0.0,0.0,0.0,0.0,0.0,0.0,0.0,0.0,0.0,0.0
209,Obed McCoy,0.0,0.0,0.0,0.0,8.0,0.0,0.0,0.0,0.0,0.0,0.0,0.0,0.0,0.0,0.0,0.0,0.0,0.0,0.0,0.0,0.0,0.0,0.0,0.0,0.0
210,Srikar Bharat,0.0,0.0,0.0,0.0,8.0,0.0,0.0,0.0,0.0,0.0,0.0,0.0,0.0,0.0,0.0,0.0,0.0,0.0,0.0,0.0,0.0,0.0,0.0,0.0,0.0
211,Sean Abbott,0.0,0.0,0.0,0.0,7.0,0.0,0.0,0.0,0.0,0.0,0.0,0.0,0.0,0.0,0.0,0.0,0.0,0.0,0.0,0.0,0.0,0.0,0.0,0.0,0.0
212,Rasikh Salam,0.0,0.0,0.0,0.0,7.0,0.0,0.0,0.0,0.0,0.0,0.0,0.0,0.0,0.0,0.0,0.0,0.0,0.0,0.0,0.0,0.0,0.0,0.0,0.0,0.0
213,Maheesh Theekshana,0.0,0.0,0.0,0.0,7.0,0.0,0.0,0.0,0.0,0.0,0.0,0.0,0.0,0.0,0.0,0.0,0.0,0.0,0.0,0.0,0.0,0.0,0.0,0.0,0.0
214,Simarjeet Singh,0.0,0.0,0.0,0.0,3.0,0.0,0.0,0.0,0.0,0.0,0.0,0.0,0.0,0.0,0.0,0.0,0.0,0.0,0.0,0.0,0.0,0.0,0.0,0.0,0.0
215,Mukesh Choudhary,0.0,0.0,0.0,0.0,4.0,0.0,0.0,0.0,0.0,0.0,0.0,0.0,0.0,0.0,0.0,0.0,0.0,0.0,0.0,0.0,0.0,0.0,0.0,0.0,0.0
216,Aman Khan,0.0,0.0,0.0,0.0,5.0,0.0,0.0,0.0,0.0,0.0,0.0,0.0,0.0,0.0,0.0,0.0,0.0,0.0,0.0,0.0,0.0,0.0,0.0,0.0,0.0
217,Alzarri Joseph,0.0,0.0,0.0,0.0,4.0,0.0,0.0,0.0,0.0,0.0,0.0,0.0,0.0,0.0,0.0,0.0,0.0,0.0,0.0,0.0,0.0,0.0,0.0,4.5,0.0
218,Vaibhav Arora,0.0,0.0,0.0,0.0,2.0,0.0,0.0,0.0,0.0,0.0,0.0,0.0,0.0,0.0,0.0,0.0,0.0,0.0,0.0,0.0,0.0,0.0,0.0,0.0,0.0
219,Prerak Mankad,0.0,0.0,0.0,0.0,4.0,0.0,0.0,0.0,0.0,0.0,0.0,0.0,0.0,0.0,0.0,0.0,0.0,0.0,0.0,0.0,0.0,0.0,0.0,0.0,0.0
220,Karan Sharma,0.0,0.0,0.0,0.0,4.0,0.0,0.0,0.0,0.0,0.0,0.0,0.0,0.0,0.0,0.0,0.0,0.0,0.0,0.0,0.0,0.0,0.0,0.0,0.0,0.0
221,Abhijeet Tomar,0.0,0.0,0.0,0.0,4.0,0.0,0.0,0.0,0.0,0.0,0.0,0.0,0.0,0.0,0.0,0.0,0.0,0.0,0.0,0.0,0.0,0.0,0.0,0.0,0.0
222,Kumar Kartikeya Singh,0.0,0.0,0.0,0.0,3.0,0.0,0.0,0.0,0.0,0.0,0.0,0.0,0.0,0.0,0.0,0.0,0.0,0.0,0.0,0.0,0.0,0.0,0.0,0.0,0.0
223,Harshit Rana,0.0,0.0,0.0,0.0,2.0,0.0,0.0,0.0,0.0,0.0,0.0,0.0,0.0,0.0,0.0,0.0,0.0,0.0,0.0,0.0,0.0,0.0,0.0,0.0,0.0
224,Tristan Stubbs,0.0,0.0,0.0,0.0,2.0,0.0,0.0,0.0,0.0,0.0,0.0,0.0,0.0,0.0,0.0,0.0,0.0,0.0,0.0,0.0,0.0,0.0,0.0,0.0,0.0
225,Pradeep Sangwan,0.0,0.0,0.0,0.0,2.0,0.0,0.0,0.0,0.0,0.0,0.0,0.0,0.0,0.0,0.0,0.0,0.0,0.0,0.0,0.0,0.0,0.0,0.0,0.0,0.0
226,Fazalhaq Farooqi,0.0,0.0,0.0,0.0,2.0,0.0,0.0,0.0,0.0,0.0,0.0,0.0,0.0,0.0,0.0,0.0,0.0,0.0,0.0,0.0,0.0,0.0,0.0,0.0,0.0
227,Yash Dayal,0.0,0.0,0.0,0.0,0.0,0.0,0.0,0.0,0.0,0.0,0.0,0.0,0.0,0.0,0.0,0.0,0.0,0.0,0.0,0.0,0.0,0.0,0.0,1.5,0.0
228,Kuldeep Sen,0.0,0.0,0.0,0.0,0.0,0.0,0.0,0.0,0.0,0.0,0.0,0.0,0.0,0.0,0.0,0.0,0.0,0.0,0.0,0.0,0.0,0.0,0.0,0.0,0.0
229,Sai Kishore,0.0,0.0,0.0,0.0,0.0,0.0,0.0,0.0,0.0,0.0,0.0,0.0,0.0,0.0,0.0,0.0,0.0,0.0,0.0,0.0,0.0,0.0,0.0,0.0,0.0
230,Tymal Mills,0.0,0.0,0.0,0.0,0.0,0.0,0.0,0.0,0.0,0.0,0.0,0.0,0.0,0.0,0.0,0.0,0.0,0.0,0.0,0.0,0.0,0.0,0.0,0.0,0.0
231,Krishnappa Gowtham,0.0,0.0,0.0,0.0,0.0,0.0,0.0,0.0,0.0,0.0,0.0,0.0,0.0,0.0,0.0,0.0,0.0,0.0,0.0,0.0,0.0,0.0,0.0,0.0,0.0
232,Basil Thampi,0.0,0.0,0.0,0.0,0.0,0.0,0.0,0.0,0.0,0.0,0.0,0.0,0.0,0.0,0.0,0.0,0.0,0.0,0.0,0.0,0.0,0.0,0.0,0.0,0.0
233,Akash Deep,0.0,0.0,0.0,0.0,0.0,0.0,0.0,0.0,0.0,0.0,0.0,0.0,0.0,0.0,0.0,0.0,0.0,0.0,0.0,0.0,0.0,0.0,0.0,0.0,0.0
234,Prashant Solanki,0.0,0.0,0.0,0.0,0.0,0.0,0.0,0.0,0.0,0.0,0.0,0.0,0.0,0.0,0.0,0.0,0.0,0.0,0.0,0.0,0.0,0.0,0.0,0.0,0.0
235,Matheesha Pathirana,0.0,0.0,0.0,0.0,0.0,0.0,0.0,0.0,0.0,0.0,0.0,0.0,0.0,0.0,0.0,0.0,0.0,0.0,0.0,0.0,0.0,0.0,0.0,0.0,0.0
236,Andrew Tye,0.0,0.0,0.0,0.0,0.0,0.0,0.0,0.0,0.0,0.0,0.0,0.0,0.0,0.0,0.0,0.0,0.0,0.0,0.0,0.0,0.0,0.0,0.0,0.0,0.0
237,Varun Aaron,0.0,0.0,0.0,0.0,0.0,0.0,0.0,0.0,0.0,0.0,0.0,0.0,0.0,0.0,0.0,0.0,0.0,0.0,0.0,0.0,0.0,0.0,0.0,0.0,0.0
238,Darshan Nalkande,0.0,0.0,0.0,0.0,0.0,0.0,0.0,0.0,0.0,0.0,0.0,0.0,0.0,0.0,0.0,0.0,0.0,0.0,0.0,0.0,0.0,0.0,0.0,0.0,0.0
239,Anukul Roy,0.0,0.0,0.0,0.0,0.0,0.0,0.0,0.0,0.0,0.0,0.0,0.0,0.0,0.0,0.0,0.0,0.0,0.0,0.0,0.0,0.0,0.0,0.0,0.0,0.0
240,Mayank Markande,0.0,0.0,0.0,0.0,0.0,0.0,0.0,0.0,0.0,0.0,0.0,0.0,0.0,0.0,0.0,0.0,0.0,0.0,0.0,0.0,0.0,0.0,0.0,0.0,0.0
241,Tushar Deshpande,0.0,0.0,0.0,0.0,0.0,0.0,0.0,0.0,0.0,0.0,0.0,0.0,0.0,0.0,0.0,0.0,0.0,0.0,0.0,0.0,0.0,0.0,0.0,0.0,0.0
242,N Tilak Varma,0.0,0.0,0.0,0.0,0.0,0.0,0.0,0.0,0.0,0.0,0.0,0.0,0.0,0.0,0.0,0.0,0.0,0.0,0.0,0.0,0.0,0.0,0.0,3.0,0.0
243,R Sai Kishore,0.0,0.0,0.0,0.0,0.0,0.0,0.0,0.0,0.0,0.0,0.0,0.0,0.0,0.0,0.0,0.0,0.0,0.0,0.0,0.0,0.0,0.0,0.0,0.0,0.0
244,B Sai Sudharsan,0.0,0.0,0.0,0.0,0.0,0.0,0.0,0.0,0.0,0.0,0.0,0.0,0.0,0.0,0.0,0.0,0.0,0.0,0.0,0.0,0.0,0.0,0.0,0.0,0.0
245,Suyash Prabhudessai,0.0,0.0,0.0,0.0,0.0,0.0,0.0,0.0,0.0,0.0,0.0,0.0,0.0,0.0,0.0,0.0,0.0,0.0,0.0,0.0,0.0,0.0,0.0,4.5,0.0
246,Narayan Jagadeesan,0.0,0.0,0.0,0.0,0.0,0.0,0.0,0.0,0.0,0.0,0.0,0.0,0.0,0.0,0.0,0.0,0.0,0.0,0.0,0.0,0.0,0.0,0.0,0.0,0.0
247,Rasikh Dar,0.0,0.0,0.0,0.0,0.0,0.0,0.0,0.0,0.0,0.0,0.0,0.0,0.0,0.0,0.0,0.0,0.0,0.0,0.0,0.0,0.0,0.0,0.0,0.0,0.0
248,Baba Indrajith,0.0,0.0,0.0,0.0,0.0,0.0,0.0,0.0,0.0,0.0,0.0,0.0,0.0,0.0,0.0,0.0,0.0,0.0,0.0,0.0,0.0,0.0,0.0,3.0,0.0
249,Rassie Van Der Dussen,0.0,0.0,0.0,0.0,0.0,0.0,0.0,0.0,0.0,0.0,0.0,0.0,0.0,0.0,0.0,0.0,0.0,0.0,0.0,0.0,0.0,0.0,0.0,3.0,0.0
250,R Sanjay Yadav,0.0,0.0,0.0,0.0,0.0,0.0,0.0,0.0,0.0,0.0,0.0,0.0,0.0,0.0,0.0,0.0,0.0,0.0,0.0,0.0,0.0,0.0,0.0,0.0,0.0
251,Raj Bawa,0.0,0.0,0.0,0.0,0.0,0.0,0.0,0.0,0.0,0.0,0.0,0.0,0.0,0.0,0.0,0.0,0.0,0.0,0.0,0.0,0.0,0.0,0.0,0.0,0.0
