,Player,Country,Team,Auc_Base_price_pounds,NOs_21_22,Run_21_22,HS_21,HS_22,Bat_Avg_21_22,BF_21_22,BatSR_21_22,100s_21_22,50s_21_22,4s_21_22,6s_21_22,Ov_21_22,BowlRunsConc_21_22,Wkts_21_22,Bowl_Avg_21_22,Econ_21_22,BowlSR_21_22,4w_21_22,5w_21_22,Dots_21_22,Catches_21_22,Run outs,Stumpings_21_22,T_All-Rounder,T_Batsman,T_Bowler,T_Wicket-Keeper
0,Deepak Chahar,India,Chennai Super Kings,1396080.0,0.13333333333333333,-0.6598187427141062,0.009900990099009901,0.0,-1.0510615711595215,-0.6805301055205455,0.03491274327854574,0.0,0.0,0.0,0.0,1.1897676839841531,1.2198788071626439,0.7975164036534691,32.214285714285715,8.351851851851851,23.142857142857142,1.0,0.0,1.3182544336071882,0.2631578947368421,0.0,0.0,0,0,1,0
1,Ambati Rayudu,India,Chennai Super Kings,673110.0,0.26666666666666666,1.9356699592523188,0.7128712871287128,0.5571428571428572,1.0441716090652118,1.8802255323182404,0.6456334383080243,0.0,0.42857142857142855,0.3727272727272727,0.8205128205128205,-0.6750528420576993,-0.6910029610498377,-0.6084754783430171,0.0,0.0,0.0,0.0,0.0,-0.5952994502239329,0.3157894736842105,0.0,0.0,0,0,0,1
2,Dwayne Bravo,West Indies,Chennai Super Kings,438768.0,0.4,-0.32191549660904334,0.22772277227722773,0.08571428571428572,-0.34592208083340703,-0.4133774817256594,1.2058322266927286,0.0,0.0,0.03636363636363636,0.1282051282051282,1.6456127014610507,1.690184519516492,2.4043642687923104,18.73333333333333,8.363095238095237,13.44,0.0,0.0,1.4777172572597814,0.2631578947368421,0.0,0.0,1,0,0,0
3,Shivam Dube,India,Chennai Super Kings,398880.0,0.13333333333333333,1.8769041773210033,0.6336633663366337,0.6785714285714286,1.414773547301494,1.7759708498616995,0.6900700732841003,0.0,0.42857142857142855,0.36363636363636365,0.6666666666666666,-0.6750528420576993,-0.6910029610498377,-0.6084754783430171,0.0,0.0,0.0,0.0,0.0,-0.4793264875675014,0.42105263157894735,0.0,0.0,1,0,0,0
4,Chris Jordan,England,Chennai Super Kings,358992.0,0.06666666666666667,-0.4541385059545027,0.297029702970297,0.04285714285714286,-0.05794526608190226,-0.49808441122159886,0.8828199554060577,0.0,0.0,0.00909090909090909,0.07692307692307693,0.1710231373501782,0.2877413592541163,-0.005907528915951612,38.5,9.428571428571429,24.5,0.0,0.0,-0.26187718258669224,0.21052631578947367,0.16666666666666666,0.0,1,0,0,0
5,Robin Uthappa,India,Chennai Super Kings,199440.0,0.0,1.0248003393169318,0.6237623762376238,0.6285714285714286,1.1289498302303744,0.9745129784770413,0.6548112933213484,0.0,0.42857142857142855,0.24545454545454545,0.48717948717948717,-0.6750528420576993,-0.6910029610498377,-0.6084754783430171,0.0,0.0,0.0,0.0,0.0,-0.5952994502239329,0.2631578947368421,0.16666666666666666,0.0,0,1,0,0
6,Mitchell Santner,New Zealand,Chennai Super Kings,189468.0,0.13333333333333333,-0.5569786243343045,0.0,0.07857142857142857,-0.566614593072878,-0.5111162465286665,-0.29034266878094955,0.0,0.0,0.02727272727272727,0.0,-0.018912286598529005,-0.14019446910388952,-0.20676351205830676,32.5,6.842105263157895,28.5,0.0,0.0,0.028055224054386756,0.10526315789473684,0.16666666666666666,0.0,1,0,0,0
7,Adam Milne,New Zealand,Chennai Super Kings,189468.0,0.06666666666666667,-0.586361515299962,0.1485148514851485,0.0,-0.5827628256757661,-0.5762754230640046,-0.06840368172858795,0.0,0.0,0.0,0.02564102564102564,-0.19158085382462645,-0.13595748070430533,-0.30719150362948433,43.66666666666666,9.357142857142858,28.0,0.0,0.0,-0.4648298672354475,0.0,0.0,0.0,0,0,1,0
8,Prashant Solanki,India,Chennai Super Kings,119664.0,0.0,-0.6647158912083825,0.0,0.0,-1.0995062689681858,-0.6870460231740793,-1.7214664818427288,0.0,0.0,0.0,0.0,-0.46785056138638237,-0.5299974018656375,-0.40761949520066193,19.0,6.333333333333333,18.0,0.0,0.0,-0.42134000623928564,0.0,0.0,0.0,0,0,1,0
9,Devon Conway,New Zealand,Chennai Super Kings,99720.0,0.06666666666666667,0.5693655293492385,0.0,0.6214285714285714,2.3885119732556475,0.4402077308872692,0.8369587478136944,0.0,0.42857142857142855,0.19999999999999998,0.3076923076923077,-0.6750528420576993,-0.6910029610498377,-0.6084754783430171,0.0,0.0,0.0,0.0,0.0,-0.5952994502239329,0.10526315789473684,0.16666666666666666,0.0,0,1,0,0
10,Maheesh Theekshana,Sri Lanka,Chennai Super Kings,69804.0,0.06666666666666667,-0.6304358517484485,0.0,0.049999999999999996,-0.7603933843075353,-0.6414345995993426,0.03491274327854574,0.0,0.0,0.0,0.02564102564102564,0.5336271285249828,0.4148510112416428,0.5966604205111139,21.75,7.457142857142857,17.5,0.5,0.0,0.39047073235573543,0.0,0.0,0.0,0,0,1,0
11,Dwaine Pretorius,South Africa,Chennai Super Kings,49860.0,0.06666666666666667,-0.4492413574602264,0.0,0.15714285714285714,-0.24687958753569317,-0.5046003288751327,1.0385580147764168,0.0,0.0,0.02727272727272727,0.07692307692307693,0.050155140291909976,0.19876460286284778,-0.005907528915951612,35.0,10.0,21.0,0.0,0.0,-0.058924497937936936,0.10526315789473684,0.16666666666666666,0.0,1,0,0,0
12,Tushar Deshpande,India,Chennai Super Kings,19944.0,0.0,-0.6647158912083825,0.0,0.0,-1.0995062689681858,-0.6870460231740793,-1.7214664818427288,0.0,0.0,0.0,0.0,-0.4333168479411629,-0.424072691876032,-0.5080474867718395,63.0,9.0,42.0,0.0,0.0,-0.33436028424696196,0.05263157894736842,0.0,0.0,0,0,1,0
13,Simarjeet Singh,India,Chennai Super Kings,19944.0,0.13333333333333333,-0.6304358517484485,0.0,0.02142857142857143,-0.8734310125277521,-0.6349186819458088,-0.1846346598616136,0.0,0.0,0.0,0.0,-0.05344600004374849,-0.1062985619072158,-0.20676351205830676,34.5,7.666666666666667,27.0,0.0,0.0,0.23100790870314203,0.05263157894736842,0.0,0.0,0,0,1,0
14,Mukesh Choudhary,India,Chennai Super Kings,19944.0,0.06666666666666667,-0.6353330002427249,0.0,0.02857142857142857,-0.8088380821161997,-0.6479505172528764,0.03491274327854574,0.0,0.0,0.00909090909090909,0.0,0.8893243770107435,1.10548012037387,0.9983723867958242,26.5,9.3598233995585,16.987499999999997,0.5,0.0,1.1297983692904867,0.15789473684210525,0.0,0.0,0,0,1,0
15,Shardul Thakur,India,Delhi Capitals,1071990.0,0.26666666666666666,-0.0525723294238483,0.0297029702970297,0.20714285714285713,-0.23442237952775094,-0.08758159904896907,0.6649183348981335,0.0,0.0,0.06363636363636363,0.1794871794871795,3.0614949527150497,3.5459854385343785,3.006932218219376,27.77777777777778,9.242144177449168,18.03333333333333,0.5,0.0,2.970869151461338,0.47368421052631576,0.0,0.0,0,0,1,0
16,Mitchell Marsh,Australia,Delhi Capitals,648180.0,0.0,0.5644683808549622,0.0,0.6357142857142857,1.9403985185255024,0.5444624133438101,0.6110794732125089,0.0,0.2857142857142857,0.17272727272727273,0.358974358974359,-0.26064828071506546,-0.2588301442922476,-0.20676351205830676,25.5,8.5,18.0,0.0,0.0,-0.2328839419225843,0.0,0.0,0.0,1,0,0,0
17,David Warner,Australia,Delhi Capitals,623250.0,0.2,2.405796214702841,0.5643564356435644,0.6571428571428571,1.9379762836350694,2.362403438679742,0.6316313261723122,0.0,1.0,0.609090909090909,0.5384615384615384,-0.6750528420576993,-0.6910029610498377,-0.6084754783430171,0.0,0.0,0.0,0.0,0.0,-0.5952994502239329,0.42105263157894735,0.0,0.0,0,1,0,0
18,Chetan Sakariya,India,Delhi Capitals,418824.0,0.06666666666666667,-0.586361515299962,0.06930693069306931,0.0,-0.841134547321976,-0.5241480818357341,-0.5973837777651131,0.0,0.0,0.01818181818181818,0.0,1.5005711049911286,1.4698611227381126,1.0988003783670017,30.0,8.095238095238095,22.23529411764705,0.0,0.0,1.347247674271296,0.3157894736842105,0.0,0.0,0,0,1,0
19,Rovman Powell,West Indies,Delhi Capitals,279216.0,0.13333333333333333,0.5595712323606858,0.0,0.47857142857142854,0.9190228063928284,0.4011122249660664,0.9078437354046881,0.0,0.14285714285714285,0.09090909090909091,0.5641025641025641,-0.6750528420576993,-0.6910029610498377,-0.6084754783430171,0.0,0.0,0.0,0.0,0.0,-0.5952994502239329,0.5263157894736842,0.0,0.0,0,1,0,0
20,Mustafizur Rahman,Bangladesh,Delhi Capitals,199440.0,0.4,-0.6108472577713434,0.07920792079207921,0.02142857142857143,-0.9218757103364165,-0.563243587756937,-0.7046153515093594,0.0,0.0,0.0,0.02564102564102564,2.225779087340738,2.1901491506674295,1.6009403362228898,30.90909090909091,8.095238095238095,22.90909090909091,0.0,0.0,2.144561792534263,0.10526315789473684,0.0,0.0,0,0,1,0
21,Kuldeep Yadav,India,Delhi Capitals,199440.0,0.4,-0.42965276348312137,0.0,0.11428571428571428,-0.4351218418779319,-0.3482183051903213,-0.10019335096155232,0.0,0.0,0.02727272727272727,0.05128205128205128,1.0309126021361434,1.0842951783759491,1.5005123446517121,19.95238095238096,8.481781376518219,14.114285714285714,1.0,0.0,0.8108727219852999,0.2631578947368421,0.0,0.0,0,0,1,0
22,Kamlesh Nagarkoti,India,Delhi Capitals,109692.0,0.0,-0.6647158912083825,0.0,0.0,-1.0995062689681858,-0.6740141878670116,-1.7214664818427288,0.0,0.0,0.0,0.0,-0.6750528420576993,-0.6910029610498377,-0.6084754783430171,0.0,0.0,0.0,0.0,0.0,-0.5373129688957171,0.0,0.0,0.0,1,0,0,0
23,Lalit Yadav,India,Delhi Capitals,64818.0,0.26666666666666666,0.4567311139808841,0.21782178217821782,0.34285714285714286,0.60723769998322,0.7399399429498243,0.11511270789595558,0.0,0.0,0.16363636363636364,0.1794871794871795,0.43002598818932436,0.3724811272458007,0.19494845422640356,31.375,7.84375,24.0,0.0,0.0,0.2600011493672499,0.5789473684210527,0.3333333333333333,0.0,1,0,0,0
24,Tim Seifert,New Zealand,Delhi Capitals,49860.0,0.0,-0.5373900303571993,0.019801980198019802,0.15,-0.2597981736180038,-0.5371799171428017,0.26400568568566846,0.0,0.0,0.03636363636363636,0.0,-0.6750528420576993,-0.6910029610498377,-0.6084754783430171,0.0,0.0,0.0,0.0,0.0,-0.5952994502239329,0.05263157894736842,0.0,0.0,0,0,0,1
25,Sarfaraz Khan,India,Delhi Capitals,19944.0,0.13333333333333333,-0.21907537822924159,0.0,0.2571428571428571,0.16005587405708732,-0.224415869773179,0.5296674545803132,0.0,0.0,0.08181818181818182,0.05128205128205128,-0.6750528420576993,-0.6910029610498377,-0.6084754783430171,0.0,0.0,0.0,0.0,0.0,-0.5952994502239329,0.10526315789473684,0.0,0.0,1,0,0,0
26,Ripal Patel,India,Delhi Capitals,19944.0,0.06666666666666667,-0.512904287885818,0.1782178217821782,0.04285714285714286,-0.0983158475891225,-0.4915684935680651,0.09345871744925456,0.0,0.0,0.02727272727272727,0.02564102564102564,-0.6750528420576993,-0.6910029610498377,-0.6084754783430171,0.0,0.0,0.0,0.0,0.0,-0.5952994502239329,0.05263157894736842,0.0,0.0,1,0,0,0
27,Lockie Ferguson,New Zealand,Gujarat Titans,997200.0,0.26666666666666666,-0.5520814758400282,0.1782178217821782,0.03571428571428571,-0.7280969191017591,-0.5893072583710721,0.9716483300098924,0.0,0.0,0.01818181818181818,0.02564102564102564,1.9978565786022895,2.067276487079487,1.9022243109364225,26.04,8.410852713178294,18.576,0.5,0.0,2.188051653530425,0.2631578947368421,0.16666666666666666,0.0,0,0,1,0
28,Rahul Tewatia,India,Gujarat Titans,897480.0,0.4,1.1570233486623913,0.43564356435643564,0.3071428571428571,0.4675743905816524,1.2286337669648597,0.5008909050454147,0.0,0.0,0.3,0.3846153846153846,0.6026945554154218,0.749573094808796,0.19494845422640356,42.5,9.18918918918919,27.75,0.0,0.0,0.21651128837108807,0.3684210526315789,0.16666666666666666,0.0,1,0,0,0
29,Mohammad Shami,India,Gujarat Titans,623250.0,0.2,-0.6010529607827909,0.0891089108910891,0.0,-0.7846157332118675,-0.5762754230640046,-0.3783529567499895,0.0,0.0,0.0,0.0,3.2272567772521032,3.0502577957830255,3.308216192932908,22.64102564102564,7.814159292035399,17.384615384615383,0.0,0.0,-0.5952994502239329,0.0,0.0,0.0,0,0,1,0
30,Yash Dayal,India,Gujarat Titans,319104.0,0.0,-0.6647158912083825,0.0,0.0,-1.0995062689681858,-0.6870460231740793,-1.7214664818427288,0.0,0.0,0.0,0.0,0.43002598818932436,0.5631456052270905,0.4962324289399363,26.90909090909091,9.25,17.454545454545453,0.0,0.0,0.506443695012167,0.05263157894736842,0.16666666666666666,0.0,0,0,1,0
31,David Miller,South Africa,Gujarat Titans,299160.0,0.8,2.2980589478287627,0.6138613861386139,0.6714285714285714,1.3429139122186415,2.2451169209161335,0.6398878097092072,0.0,0.42857142857142855,0.3909090909090909,0.6666666666666666,-0.6750528420576993,-0.6910029610498377,-0.6084754783430171,0.0,0.0,0.0,0.0,0.0,-0.5952994502239329,0.3157894736842105,0.3333333333333333,0.0,0,1,0,0
32,Matthew Wade,Australia,Gujarat Titans,239328.0,0.0,0.10413642239299245,0.0,0.25,0.42165724222387474,0.212150613013586,0.27673307137495307,0.0,0.0,0.20909090909090908,0.05128205128205128,-0.6750528420576993,-0.6910029610498377,-0.6084754783430171,0.0,0.0,0.0,0.0,0.0,-0.5952994502239329,0.3684210526315789,0.16666666666666666,0.25,0,0,0,1
33,Alzarri Joseph,West Indies,Gujarat Titans,239328.0,0.13333333333333333,-0.6402301487370011,0.0,0.02857142857142857,-0.9380239429393047,-0.6414345995993426,-0.46690989247038983,0.0,0.0,0.0,0.0,0.3609585612988854,0.42756197644039545,0.09452046265522597,37.71428571428572,8.8,25.714285714285715,0.0,0.0,0.4484572136839512,0.05263157894736842,0.5,0.0,0,0,1,0
34,Jason Roy,England,Gujarat Titans,199440.0,0.0,0.06985638293305854,0.594059405940594,0.0,1.8071755995516754,0.1013800129035113,0.4558631360762065,0.0,0.14285714285714285,0.1909090909090909,0.02564102564102564,-0.6750528420576993,-0.6910029610498377,-0.6084754783430171,0.0,0.0,0.0,0.0,0.0,-0.5952994502239329,0.15789473684210525,0.0,0.0,0,1,0,0
35,Wriddhiman Saha,India,Gujarat Titans,189468.0,0.06666666666666667,1.529206634227388,0.43564356435643564,0.4857142857142857,1.070816192859977,1.9128051205859093,0.2506084375916846,0.0,0.42857142857142855,0.42727272727272725,0.3076923076923077,-0.6750528420576993,-0.6910029610498377,-0.6084754783430171,0.0,0.0,0.0,0.0,0.0,-0.5952994502239329,0.5789473684210527,0.5,0.5,0,0,0,1
36,Jayant Yadav,India,Gujarat Titans,169524.0,0.06666666666666667,-0.4982128424029892,0.22772277227722773,0.0,-0.0014264519717937915,-0.5176321641822003,0.575337120238938,0.0,0.0,0.01818181818181818,0.02564102564102564,-0.08797971348896799,-0.14019446910388952,-0.40761949520066193,65.0,7.647058823529412,51.0,0.0,0.0,0.0425518443864407,0.10526315789473684,0.0,0.0,1,0,0,0
37,Vijay Shankar,India,Gujarat Titans,139608.0,0.0,-0.28763545714910943,0.27722772277227725,0.09285714285714286,-0.27056366201992915,-0.12016118731663811,-0.16696992627562365,0.0,0.0,0.01818181818181818,0.07692307692307693,-0.29518199416028496,-0.26730412109141605,-0.30719150362948433,33.333333333333336,9.090909090909092,22.0,0.0,0.0,-0.5373129688957171,0.15789473684210525,0.16666666666666666,0.0,1,0,0,0
38,Varun Aaron,India,Gujarat Titans,49860.0,0.0,-0.6647158912083825,0.0,0.0,-1.0995062689681858,-0.6870460231740793,-1.7214664818427288,0.0,0.0,0.0,0.0,-0.5023842748316019,-0.4706795642714584,-0.40761949520066193,26.0,10.4,15.0,0.0,0.0,-0.49382310789955536,0.0,0.0,0.0,0,0,1,0
39,Darshan Nalkande,India,Gujarat Titans,19944.0,0.0,-0.6647158912083825,0.0,0.0,-1.0995062689681858,-0.6870460231740793,-1.7214664818427288,0.0,0.0,0.0,0.0,-0.49893090348707997,-0.4410206454743689,-0.40761949520066193,29.5,11.568627450980394,15.3,0.0,0.0,-0.4793264875675014,0.0,0.0,0.0,1,0,0,0
40,Pradeep Sangwan,India,Gujarat Titans,19944.0,0.0,-0.6549215942198299,0.0,0.014285714285714285,-0.9057274777335284,-0.6544664349064102,-1.018914791794219,0.0,0.0,0.0,0.0,-0.36424942105072394,-0.41559871507686363,-0.30719150362948433,21.666666666666668,7.222222222222222,18.0,0.0,0.0,-0.27637380291874614,0.05263157894736842,0.0,0.0,1,0,0,0
41,Shreyas Iyer,India,Kolkata Knight Riders,1221570.0,0.26666666666666666,2.156041641494751,0.46534653465346537,0.6071428571428571,1.4372342708309658,2.3689193563332758,0.43562186286911364,0.0,0.42857142857142855,0.43636363636363634,0.41025641025641024,-0.6750528420576993,-0.6910029610498377,-0.6084754783430171,0.0,0.0,0.0,0.0,0.0,-0.5373129688957171,0.2631578947368421,0.8333333333333333,0.0,0,1,0,0
42,Nitish Rana,India,Kolkata Knight Riders,797760.0,0.26666666666666666,2.978762588533165,0.7920792079207921,0.40714285714285714,1.303350742341566,2.994447451072521,0.5913585508833391,0.0,0.5714285714285714,0.5727272727272728,1.0,-0.6750528420576993,-0.6910029610498377,-0.6084754783430171,0.0,0.0,0.0,0.0,0.0,-0.5083197282316093,0.5263157894736842,0.16666666666666666,0.0,1,0,0,0
43,Pat Cummins,Australia,Kolkata Knight Riders,722970.0,0.2,0.09923927389871617,0.6534653465346535,0.39999999999999997,0.4119683026621419,-0.16577261089137477,1.7034730071437565,0.0,0.2857142857142857,0.09090909090909091,0.358974358974359,0.930764833145007,1.2114048303634755,0.9983723867958242,28.0625,9.655913978494624,17.4375,0.0,0.0,0.8108727219852999,0.15789473684210525,0.0,0.0,1,0,0,0
44,Sam Billings,England,Kolkata Knight Riders,199440.0,0.06666666666666667,0.16290220432430774,0.0,0.2571428571428571,0.947282213447883,0.212150613013586,0.42946169964636854,0.0,0.0,0.08181818181818182,0.2564102564102564,-0.6750528420576993,-0.6910029610498377,-0.6084754783430171,0.0,0.0,0.0,0.0,0.0,-0.5952994502239329,0.3157894736842105,0.0,0.25,0,0,0,1
45,Umesh Yadav,India,Kolkata Knight Riders,199440.0,0.2,-0.3953727240231874,0.0,0.15,-0.33823244626060317,-0.426409317032727,0.6935549526990237,0.0,0.0,0.03636363636363636,0.10256410256410256,0.9825654033128363,0.7453361064092117,0.9983723867958242,21.1875,7.0625,18.0,0.5,0.0,1.4777172572597814,0.2631578947368421,0.0,0.0,0,0,1,0
46,Tim Southee,New Zealand,Kolkata Knight Riders,149580.0,0.06666666666666667,-0.6402301487370011,0.0297029702970297,0.007142857142857143,-1.0187651059537453,-0.5762754230640046,-1.20488435680706,0.0,0.0,0.0,0.0,0.9480316898676168,0.8766827467963224,1.0988003783670017,21.764705882352946,7.872340425531915,16.58823529411765,0.0,0.0,0.7528862406570842,0.21052631578947367,0.0,0.0,0,0,1,0
47,Mohammad Nabi,Afghanistan,Kolkata Knight Riders,99720.0,0.0,-0.4982128424029892,0.16831683168316833,0.0,-0.0014264519717937915,-0.5567276701034032,1.2643782008634379,0.0,0.0,0.02727272727272727,0.05128205128205128,-0.3987831344959434,-0.32662195868559507,-0.40761949520066193,43.0,10.75,24.0,0.0,0.0,-0.5952994502239329,0.0,0.0,0.0,1,0,0,0
48,Sheldon Jackson,India,Kolkata Knight Riders,59832.0,0.06666666666666667,-0.5520814758400282,0.0,0.05714285714285714,-0.6538150491284738,-0.5176321641822003,-0.16774639808160124,0.0,0.0,0.0,0.02564102564102564,-0.6750528420576993,-0.6910029610498377,-0.6084754783430171,0.0,0.0,0.0,0.0,0.0,-0.5952994502239329,0.2631578947368421,0.16666666666666666,0.5,0,0,0,1
49,Rinku Singh,India,Kolkata Knight Riders,54846.0,0.13333333333333333,0.1873879467956891,0.0,0.3,1.3088872792339847,0.07531634228937607,0.8905846734658336,0.0,0.0,0.15454545454545454,0.1794871794871795,-0.6750528420576993,-0.6910029610498377,-0.6084754783430171,0.0,0.0,0.0,0.0,0.0,-0.5952994502239329,0.42105263157894735,0.3333333333333333,0.0,0,1,0,0
50,Abhijeet Tomar,India,Kolkata Knight Riders,39888.0,0.0,-0.6451272972312774,0.0,0.02857142857142857,-0.711948686498871,-0.6349186819458088,-0.8432768692820916,0.0,0.0,0.00909090909090909,0.0,-0.6750528420576993,-0.6910029610498377,-0.6084754783430171,0.0,0.0,0.0,0.0,0.0,-0.5952994502239329,0.0,0.0,0.0,0,1,0,0
51,Anukul Roy,India,Kolkata Knight Riders,19944.0,0.0,-0.6647158912083825,0.0,0.0,-1.0995062689681858,-0.6870460231740793,-1.7214664818427288,0.0,0.0,0.0,0.0,-0.4333168479411629,-0.45796859907270576,-0.5080474867718395,55.0,7.857142857142857,42.0,0.0,0.0,-0.4358366265713396,0.05263157894736842,0.0,0.0,1,0,0,0
53,Baba Indrajith,India,Kolkata Knight Riders,19944.0,0.0,-0.6647158912083825,0.0,0.0,-1.0995062689681858,-0.6870460231740793,-1.7214664818427288,0.0,0.0,0.0,0.0,-0.6750528420576993,-0.6910029610498377,-0.6084754783430171,0.0,0.0,0.0,0.0,0.0,-0.5952994502239329,0.05263157894736842,0.3333333333333333,0.0,0,0,0,1
54,Aman Khan,India,Kolkata Knight Riders,19944.0,0.0,-0.6402301487370011,0.0,0.03571428571428571,-0.6150592908815423,-0.6674982702134779,1.2058322266927286,0.0,0.0,0.00909090909090909,0.0,-0.6750528420576993,-0.6910029610498377,-0.6084754783430171,0.0,0.0,0.0,0.0,0.0,-0.580802829891879,0.0,0.0,0.0,1,0,0,0
55,Avesh Khan,India,Lucknow Super Giants,997200.0,0.26666666666666666,-0.5324928818629231,0.04950495049504951,0.08571428571428572,-0.5763035326346108,-0.5827913407175384,1.242423460549422,0.0,0.0,0.00909090909090909,0.07692307692307693,3.0684016954040936,2.978228992990094,3.609500167646441,20.61904761904762,7.988929889298893,15.485714285714288,0.5,0.0,3.4927474834152803,0.15789473684210525,0.0,0.0,0,0,1,0
56,Krunal Pandya,India,Lucknow Super Giants,822690.0,0.4,0.9317545179256826,0.38613861386138615,0.3,0.16393144988178038,1.0592199079729807,0.41502466513314984,0.0,0.0,0.23636363636363636,0.2564102564102564,1.7768408125528845,1.554600890729797,0.8979443952246466,35.333333333333336,7.464788732394366,28.4,0.0,0.0,1.4342273962636196,0.6842105263157894,0.16666666666666666,0.0,1,0,0,0
57,Quinton De Kock,South Africa,Lucknow Super Giants,673110.0,0.06666666666666667,1.8230355438839645,0.0,1.0,2.18181459593868,1.5348818966809488,0.8950750030886713,1.0,0.42857142857142855,0.42727272727272725,0.5897435897435898,-0.6750528420576993,-0.6910029610498377,-0.6084754783430171,0.0,0.0,0.0,0.0,0.0,-0.5952994502239329,0.0,0.0,0.0,0,0,0,1
58,Deepak Hooda,India,Lucknow Super Giants,573390.0,0.06666666666666667,2.3274418387944205,0.6336633663366337,0.42142857142857143,1.2684705599193278,2.264664673876735,0.6475130028131185,0.0,0.7142857142857142,0.40909090909090906,0.6923076923076923,0.015621426846690488,0.06741796247573707,-0.30719150362948433,59.66666666666666,8.95,40.0,0.0,0.0,-0.07342111826999087,0.7894736842105263,0.0,0.0,1,0,0,0
59,Evin Lewis,West Indies,Lucknow Super Giants,199440.0,0.13333333333333333,0.43224537150950276,0.5742574257425742,0.39285714285714285,1.070816192859977,0.28382570720245787,0.9189962458563684,0.0,0.2857142857142857,0.23636363636363636,0.2564102564102564,-0.6750528420576993,-0.6910029610498377,-0.6084754783430171,0.0,0.0,0.0,0.0,0.0,-0.5952994502239329,0.15789473684210525,0.0,0.0,0,1,0,0
60,Shahbaz Nadeem,India,Lucknow Super Giants,49860.0,0.0,-0.6647158912083825,0.0,0.0,-1.0995062689681858,-0.6805301055205455,-1.7214664818427288,0.0,0.0,0.0,0.0,-0.5369179882768214,-0.5384713786648059,-0.5080474867718395,36.0,9.0,24.0,0.0,0.0,-0.5952994502239329,0.0,0.0,0.0,0,0,1,0
61,Manan Vohra,India,Lucknow Super Giants,19944.0,0.0,-0.3659898330575298,0.13861386138613863,0.1357142857142857,0.08254435756322429,-0.36125014049738896,0.42131617280522615,0.0,0.0,0.05454545454545454,0.10256410256410256,-0.6750528420576993,-0.6910029610498377,-0.6084754783430171,0.0,0.0,0.0,0.0,0.0,-0.5952994502239329,0.0,0.0,0.0,0,1,0,0
62,Mohsin Khan,India,Lucknow Super Giants,19944.0,0.13333333333333333,-0.5520814758400282,0.0,0.09285714285714286,-0.3566875692353324,-0.5827913407175384,0.8033286542691034,0.0,0.0,0.01818181818181818,0.02564102564102564,0.46455970163454385,0.14368375366825298,0.7975164036534691,14.071428571428571,5.96969696969697,14.142857142857142,0.5,0.0,0.9558389253058395,0.05263157894736842,0.0,0.0,0,0,1,0
63,Ayush Badoni,India,Lucknow Super Giants,19944.0,0.2,0.12372501637009754,0.0,0.3857142857142857,0.3186021577945343,0.16002327178531556,0.45374163542284957,0.0,0.14285714285714285,0.09999999999999999,0.1794871794871795,-0.6059854151672603,-0.6443960886544113,-0.40761949520066193,5.5,5.5,6.0,0.0,0.0,-0.5373129688957171,0.47368421052631576,0.16666666666666666,0.0,1,0,0,0
64,Karan Sharma,India,Lucknow Super Giants,19944.0,0.0,-0.6451272972312774,0.0,0.02857142857142857,-0.711948686498871,-0.660982352559944,0.03491274327854574,0.0,0.0,0.00909090909090909,0.0,-0.6750528420576993,-0.6910029610498377,-0.6084754783430171,0.0,0.0,0.0,0.0,0.0,-0.5952994502239329,0.0,0.0,0.0,1,0,0,0
65,Ishan Kishan,India,Mumbai Indians,1520730.0,0.13333333333333333,2.5625049665196817,0.8316831683168316,0.5785714285714285,1.5609150523576312,2.7533584978917705,0.4706810737537105,0.0,0.7142857142857142,0.6,0.5384615384615384,-0.6750528420576993,-0.6910029610498377,-0.6084754783430171,0.0,0.0,0.0,0.0,0.0,-0.5952994502239329,0.8421052631578947,1.0,0.0,0,0,0,1
66,Tim David,Singapore,Mumbai Indians,822690.0,0.2,0.25105087722128067,0.009900990099009901,0.32857142857142857,0.9136400621918662,-0.1071293520095705,1.9689033507154547,0.0,0.0,0.10909090909090909,0.41025641025641024,-0.6750528420576993,-0.6910029610498377,-0.6084754783430171,0.0,0.0,0.0,0.0,0.0,-0.5952994502239329,0.3157894736842105,0.0,0.0,1,0,0,0
67,Dewald Brevis,South Africa,Mumbai Indians,299160.0,0.0,0.12372501637009754,0.0,0.35,1.1289498302303744,0.049252671675240854,0.780985334480503,0.0,0.0,0.12727272727272726,0.28205128205128205,-0.6646927280241335,-0.6571070538531639,-0.5080474867718395,8.0,26.666666666666668,1.7999999999999998,0.0,0.0,-0.580802829891879,0.15789473684210525,0.0,0.0,0,1,0,0
68,Tymal Mills,England,Mumbai Indians,149580.0,0.0,-0.6647158912083825,0.0,0.0,-1.0995062689681858,-0.6870460231740793,-1.7214664818427288,0.0,0.0,0.0,0.0,-0.08797971348896799,0.11402483487116345,-0.005907528915951612,31.666666666666668,11.176470588235292,17.0,0.0,0.0,-0.16040084026231455,0.0,0.0,0.0,0,0,1,0
69,Riley Meredith,Australia,Mumbai Indians,99720.0,0.0,-0.6647158912083825,0.0,0.0,-1.0995062689681858,-0.6870460231740793,-1.7214664818427288,0.0,0.0,0.0,0.0,0.8789642629771778,1.02497734078177,0.5966604205111139,33.75,9.0,22.5,0.0,0.0,0.506443695012167,0.05263157894736842,0.0,0.0,0,0,1,0
70,Fabian Allen,West Indies,Mumbai Indians,74790.0,0.13333333333333333,-0.5961558122885147,0.0594059405940594,0.05714285714285714,-0.7603933843075353,-0.563243587756937,-0.42729231596389483,0.0,0.0,0.00909090909090909,0.0,-0.15704714037940698,-0.11477253870638424,-0.40761949520066193,68.0,9.066666666666666,45.0,0.0,0.0,-0.5083197282316093,0.0,0.0,0.0,1,0,0,0
71,Basil Thampi,India,Mumbai Indians,29916.0,0.0,-0.6647158912083825,0.0,0.0,-1.0995062689681858,-0.6870460231740793,-1.7214664818427288,0.0,0.0,0.0,0.0,-0.12251342693418747,-0.04698072431303677,-0.1063355204871292,30.4,9.5,19.2,0.0,0.0,-0.0009380166097211401,0.05263157894736842,0.0,0.0,0,0,1,0
72,Ramandeep Singh,India,Mumbai Indians,19944.0,0.13333333333333333,-0.44434420896595017,0.0,0.09999999999999999,-0.009500568273237907,-0.426409317032727,0.25446014641870507,0.0,0.0,0.02727272727272727,0.02564102564102564,-0.46785056138638237,-0.46220558747229,-0.005907528915951612,9.0,9.0,6.0,0.0,0.0,-0.4068433859072317,0.05263157894736842,0.3333333333333333,0.0,1,0,0,0
73,Hrithik Shokeen,India,Mumbai Indians,19944.0,0.06666666666666667,-0.4541385059545027,0.0,0.17857142857142858,0.28924173488019234,-0.37428197580445655,-0.14804342600492046,0.0,0.0,0.045454545454545456,0.0,-0.15704714037940698,-0.1529054343026422,-0.40761949520066193,63.5,8.466666666666667,45.0,0.0,0.0,0.028055224054386756,0.10526315789473684,0.0,0.0,1,0,0,0
74,Liam Livingstone,England,Punjab Kings,1146780.0,0.13333333333333333,1.6810182375499525,0.24752475247524752,0.5,1.3431263889634173,1.1439268374689202,1.272503798702077,0.0,0.5714285714285714,0.2909090909090909,0.8974358974358974,0.11922256718234896,0.16486869566617404,-0.005907528915951612,33.666666666666664,8.782608695652174,23.0,0.0,0.0,-0.04442787760588299,0.3157894736842105,0.0,0.0,1,0,0,0
75,Kagiso Rabada,South Africa,Punjab Kings,922410.0,0.3333333333333333,-0.3659898330575298,0.0891089108910891,0.17857142857142858,-0.5622105296357266,-0.3677660581509227,0.465046431063348,0.0,0.0,0.06363636363636363,0.05128205128205128,2.916453356245128,2.9612810393917566,3.207788201361731,22.68421052631579,8.288461538461538,16.42105263157895,1.0,0.0,3.289794798766525,0.5789473684210527,0.0,0.0,0,0,1,0
76,Shahrukh Khan,India,Punjab Kings,897480.0,0.26666666666666666,0.6575142022462114,0.46534653465346537,0.18571428571428572,0.35383466529174473,0.7594876959104258,0.4146704135750379,0.0,0.0,0.11818181818181818,0.48717948717948717,-0.6750528420576993,-0.6910029610498377,-0.6084754783430171,0.0,0.0,0.0,0.0,0.0,-0.5952994502239329,0.3684210526315789,0.0,0.0,1,0,0,0
77,Shikhar Dhawan,India,Punjab Kings,822690.0,0.2,4.462598582298876,0.9108910891089109,0.6285714285714286,2.281933638076586,4.82542031171552,0.4522085166229621,0.0,0.8571428571428571,1.0,0.717948717948718,-0.6750528420576993,-0.6910029610498377,-0.6084754783430171,0.0,0.0,0.0,0.0,0.0,-0.5952994502239329,1.0,0.0,0.0,0,1,0,0
78,Jonny Bairstow,England,Punjab Kings,673110.0,0.06666666666666667,1.7887555044240304,0.6237623762376238,0.4714285714285714,1.5972485757141295,1.593525155562753,0.7926649232594384,0.0,0.5714285714285714,0.4909090909090909,0.6153846153846154,-0.6750528420576993,-0.6910029610498377,-0.6084754783430171,0.0,0.0,0.0,0.0,0.0,-0.5952994502239329,0.21052631578947367,0.6666666666666666,0.25,0,0,0,1
79,Rahul Chahar,India,Punjab Kings,523530.0,0.13333333333333333,-0.21907537822924159,0.07920792079207921,0.17857142857142858,-0.4212804996468849,-0.14622485793077333,0.20420230714565665,0.0,0.0,0.07272727272727272,0.10256410256410256,2.412261139944923,2.181675173868261,2.1030802940787776,25.11111111111111,7.583892617449664,19.86666666666667,0.5,0.0,2.188051653530425,0.42105263157894735,0.0,0.0,0,0,1,0
80,Harpreet Brar,India,Punjab Kings,378936.0,0.3333333333333333,-0.24356112070062297,0.24752475247524752,0.09999999999999999,-0.05794526608190226,-0.14622485793077333,0.0983963297287122,0.0,0.0,0.03636363636363636,0.10256410256410256,0.6717619823058608,0.516538732831664,0.29537644579758116,31.666666666666668,7.3076923076923075,26.0,0.0,0.0,0.7673828609891381,0.2631578947368421,0.0,0.0,1,0,0,0
81,Nathan Ellis,Australia,Punjab Kings,74790.0,0.06666666666666667,-0.5765672183114096,0.1188118811881188,0.0,-0.2275017084122275,-0.5827913407175384,0.25446014641870507,0.0,0.0,0.0,0.02564102564102564,-0.05344600004374849,-0.042743735913452555,-0.20676351205830676,38.25,8.5,27.0,0.0,0.0,-0.36335352491106987,0.05263157894736842,0.0,0.0,0,0,1,0
82,Prabhsimran Singh,India,Punjab Kings,59832.0,0.0,-0.5716700698171333,0.1188118811881188,0.0,-0.17905701060356313,-0.5371799171428017,-0.27054451326428475,0.0,0.0,0.00909090909090909,0.02564102564102564,-0.6750528420576993,-0.6910029610498377,-0.6084754783430171,0.0,0.0,0.0,0.0,0.0,-0.5952994502239329,0.0,0.0,0.0,0,0,0,1
83,Rishi Dhawan,India,Punjab Kings,54846.0,0.13333333333333333,-0.48352139692016033,0.0,0.15,-0.2032793595078953,-0.426409317032727,-0.09681569860554985,0.0,0.0,0.03636363636363636,0.05128205128205128,-0.018912286598529005,-0.030032770714699907,-0.005907528915951612,26.0,8.210526315789474,19.0,0.0,0.0,-0.11691097926615271,0.10526315789473684,0.3333333333333333,0.0,1,0,0,0
84,Sandeep Sharma,India,Punjab Kings,49860.0,0.06666666666666667,-0.6255387032541723,0.07920792079207921,0.0,-0.711948686498871,-0.6414345995993426,0.2858240611530134,0.0,0.0,0.00909090909090909,0.0,0.8098968360867388,0.8173649092021433,-0.1063355204871292,71.2,8.279069767441861,51.6,0.0,0.0,1.028322026966109,0.15789473684210525,0.0,0.0,0,0,1,0
85,Bhanuka Rajapaksa,Sri Lanka,Punjab Kings,49860.0,0.0,0.34409669861252984,0.0,0.3071428571428571,1.118184341828449,0.15350735413178174,1.0832941412191517,0.0,0.0,0.14545454545454545,0.3333333333333333,-0.6750528420576993,-0.6910029610498377,-0.6084754783430171,0.0,0.0,0.0,0.0,0.0,-0.5952994502239329,0.21052631578947367,0.0,0.0,0,1,0,0
86,Ishan Porel,India,Punjab Kings,24930.0,0.0,-0.6647158912083825,0.0,0.0,-1.0995062689681858,-0.6870460231740793,-1.7214664818427288,0.0,0.0,0.0,0.0,-0.5369179882768214,-0.5257604134660533,-0.5080474867718395,39.0,9.75,24.0,0.0,0.0,-0.5952994502239329,0.0,0.0,0.0,0,0,1,0
87,Jitesh Sharma,India,Punjab Kings,19944.0,0.13333333333333333,0.48121685645226553,0.0,0.3142857142857143,1.1677055884773058,0.24473020128125503,1.1526086138102658,0.0,0.0,0.19999999999999998,0.3076923076923077,-0.6750528420576993,-0.6910029610498377,-0.6084754783430171,0.0,0.0,0.0,0.0,0.0,-0.5952994502239329,0.47368421052631576,0.5,0.5,0,0,0,1
88,Prasidh Krishna,India,Rajasthan Royals,997200.0,0.2,-0.6353330002427249,0.0,0.02857142857142857,-0.9832389942273915,-0.6023390936781398,-0.9108299164021406,0.0,0.0,0.0,0.0,2.9268134702786934,3.1307605753751253,2.504792260363488,29.096774193548388,8.648130393096837,20.187096774193545,0.0,0.0,3.782679890056359,0.2631578947368421,0.16666666666666666,0.0,0,0,1,0
89,Shimron Hetmyer,West Indies,Rajasthan Royals,847620.0,0.9333333333333333,2.0580986716092253,0.5247524752475248,0.42142857142857143,0.8244403011473413,1.5804933202556852,1.0847026249602274,0.0,0.2857142857142857,0.36363636363636365,0.8461538461538461,-0.6750528420576993,-0.6910029610498377,-0.6084754783430171,0.0,0.0,0.0,0.0,0.0,-0.5952994502239329,0.3684210526315789,0.5,0.0,0,1,0,0
90,Trent Boult,New Zealand,Rajasthan Royals,797760.0,0.6666666666666666,-0.4639328029430553,0.009900990099009901,0.12142857142857143,-0.7684675006089795,-0.47202074060746363,0.4607016463382485,0.0,0.0,0.01818181818181818,0.02564102564102564,3.2272567772521032,3.1138126217767885,2.303936277221133,30.96551724137931,7.946902654867257,23.379310344827587,0.0,0.0,3.9566393340410064,0.3684210526315789,0.0,0.0,0,0,1,0
91,Devdutt Padikkal,India,Rajasthan Royals,772830.0,0.06666666666666667,3.1893399737870447,1.0,0.3857142857142857,1.3602341939620621,3.4440457691663537,0.4587708212652258,1.0,0.2857142857142857,0.7636363636363636,0.717948717948718,-0.6750528420576993,-0.6910029610498377,-0.6084754783430171,0.0,0.0,0.0,0.0,0.0,-0.5952994502239329,0.631578947368421,0.16666666666666666,0.0,0,1,0,0
92,Yuzvendra Chahal,India,Rajasthan Royals,648180.0,0.2,-0.5912586637942384,0.07920792079207921,0.03571428571428571,-0.7361710354032032,-0.45898890530039604,-0.9687325282193257,0.0,0.0,0.0,0.0,3.503526484813859,3.1265235869755412,3.9107841423599736,20.022222222222226,7.446280991735537,16.133333333333333,0.5,1.0,3.231808317438309,0.21052631578947367,0.3333333333333333,0.0,0,0,1,0
93,Riyan Parag,India,Rajasthan Royals,378936.0,0.3333333333333333,0.686897093211869,0.24752475247524752,0.39999999999999997,0.014721780631094267,0.7138762723356891,0.5332342908710929,0.0,0.14285714285714285,0.15454545454545454,0.358974358974359,-0.32971570760550445,-0.1317204923047211,-0.40761949520066193,66.0,13.2,30.0,0.0,0.0,-0.5518095892277711,0.894736842105263,0.16666666666666666,0.0,1,0,0,0
94,Navdeep Saini,India,Rajasthan Royals,259272.0,0.0,-0.6451272972312774,0.019801980198019802,0.014285714285714285,-0.9057274777335284,-0.6479505172528764,-0.5505469984285457,0.0,0.0,0.0,0.0,-0.46785056138638237,-0.3859397962797741,-0.30719150362948433,24.0,12.0,12.0,0.0,0.0,-0.45033324690339355,0.10526315789473684,0.0,0.0,0,0,1,0
95,Nathan Coulter-Nile,Australia,Rajasthan Royals,199440.0,0.06666666666666667,-0.6402301487370011,0.0297029702970297,0.007142857142857143,-0.9380239429393047,-0.6414345995993426,-0.46690989247038983,0.0,0.0,0.0,0.0,0.015621426846690488,-0.1529054343026422,0.09452046265522597,18.142857142857142,6.35,17.142857142857142,0.5,0.0,0.23100790870314203,0.10526315789473684,0.0,0.0,0,0,1,0
96,James Neesham,New Zealand,Rajasthan Royals,149580.0,0.0,-0.512904287885818,0.0,0.12142857142857143,0.40227936310040907,-0.5111162465286665,0.29511707292614164,0.0,0.0,0.02727272727272727,0.0,-0.6750528420576993,-0.6910029610498377,-0.6084754783430171,0.0,0.0,0.0,0.0,0.0,-0.5228163485636632,0.05263157894736842,0.0,0.0,1,0,0,0
97,Karun Nair,India,Rajasthan Royals,139608.0,0.0,-0.586361515299962,0.0,0.09285714285714286,-0.3243911040295562,-0.5697595054104707,-0.1602405039571515,0.0,0.0,0.00909090909090909,0.0,-0.6750528420576993,-0.6910029610498377,-0.6084754783430171,0.0,0.0,0.0,0.0,0.0,-0.5952994502239329,0.05263157894736842,0.0,0.0,0,1,0,0
98,Rassie Van Der Dussen,South Africa,Rajasthan Royals,99720.0,0.0,-0.6647158912083825,0.0,0.0,-1.0995062689681858,-0.6870460231740793,-1.7214664818427288,0.0,0.0,0.0,0.0,-0.6750528420576993,-0.6910029610498377,-0.6084754783430171,0.0,0.0,0.0,0.0,0.0,-0.5952994502239329,0.0,0.3333333333333333,0.0,0,1,0,0
99,Daryl Mitchell,New Zealand,Rajasthan Royals,74790.0,0.0,-0.5031099908972655,0.0,0.12142857142857143,0.4991687587177378,-0.40034564641859177,-0.4041820630017729,0.0,0.0,0.00909090909090909,0.0,-0.6750528420576993,-0.6910029610498377,-0.6084754783430171,0.0,0.0,0.0,0.0,0.0,-0.580802829891879,0.10526315789473684,0.0,0.0,1,0,0,0
100,Obed McCoy,West Indies,Rajasthan Royals,74790.0,0.0,-0.6255387032541723,0.0,0.05714285714285714,-0.3243911040295562,-0.6544664349064102,1.0887402783513105,0.0,0.0,0.0,0.02564102564102564,0.20555685079539768,0.3131632896516216,0.4962324289399363,21.545454545454547,9.294117647058824,13.909090909090908,0.0,0.0,0.1005383257146565,0.05263157894736842,0.0,0.0,0,0,1,0
101,Kuldeep Sen,India,Rajasthan Royals,19944.0,0.0,-0.6647158912083825,0.0,0.0,-1.0995062689681858,-0.6870460231740793,-1.7214664818427288,0.0,0.0,0.0,0.0,0.19174336541730994,0.3131632896516216,0.19494845422640356,29.625,9.44223107569721,18.825000000000003,0.5,0.0,0.2600011493672499,0.15789473684210525,0.0,0.0,0,0,1,0
103,Wanindu Hasaranga,Sri Lanka,Royal Challengers Bangalore,1071990.0,0.06666666666666667,-0.4737270999316078,0.009900990099009901,0.12857142857142856,-0.6796522212930948,-0.39382972876505795,-0.1992711534042908,0.0,0.0,0.03636363636363636,0.02564102564102564,1.2933688243198116,1.1309020507713752,2.0026523025076,16.53846153846154,7.543859649122807,13.153846153846152,0.5,1.0,1.4777172572597814,0.15789473684210525,0.3333333333333333,0.0,1,0,0,0
104,Harshal Patel,India,Royal Challengers Bangalore,1071990.0,0.4666666666666667,-0.16520674479220257,0.3069306930693069,0.07857142857142857,-0.48183637190771533,-0.13319302262370572,0.3861885883028007,0.0,0.0,0.09090909090909091,0.10256410256410256,3.099482037504791,2.9909399581888465,4.5133520917870396,17.03921568627451,7.950594693504117,12.858823529411763,1.0,1.0,3.0578488734536617,0.3157894736842105,0.0,0.0,1,0,0,0
105,Josh Hazlewood,Australia,Royal Challengers Bangalore,772830.0,0.3333333333333333,-0.5765672183114096,0.0,0.049999999999999996,-0.7507044447458026,-0.5176321641822003,-0.5055116336818465,0.0,0.0,0.00909090909090909,0.0,2.132538061038645,2.1477792666715874,2.504792260363488,21.61290322580645,8.24108241082411,15.73548387096774,0.5,0.0,2.448990819507396,0.10526315789473684,0.0,0.0,0,0,1,0
106,Faf Du Plessis,South Africa,Royal Challengers Bangalore,698040.0,0.06666666666666667,1.6271496041129134,0.0,0.6857142857142857,1.734508552838679,1.7042957556728275,0.518275963271049,0.0,0.42857142857142855,0.44545454545454544,0.3333333333333333,-0.6750528420576993,-0.6910029610498377,-0.6084754783430171,0.0,0.0,0.0,0.0,0.0,-0.5952994502239329,0.0,0.0,0.0,0,1,0,0
107,Dinesh Karthik,India,Royal Challengers Bangalore,548460.0,1.0,2.043407226126397,0.39603960396039606,0.4714285714285714,0.6288755302699682,1.593525155562753,1.053612693848885,0.0,0.14285714285714285,0.44545454545454544,0.7435897435897436,-0.6750528420576993,-0.6910029610498377,-0.6084754783430171,0.0,0.0,0.0,0.0,0.0,-0.5952994502239329,0.7894736842105263,0.3333333333333333,1.0,0,0,0,1
108,Anuj Rawat,India,Royal Challengers Bangalore,339048.0,0.0,-0.0329837354467432,0.0,0.4714285714285714,0.28924173488019234,0.08834817759644369,0.18250763614587945,0.0,0.14285714285714285,0.09090909090909091,0.1794871794871795,-0.6750528420576993,-0.6910029610498377,-0.6084754783430171,0.0,0.0,0.0,0.0,0.0,-0.5952994502239329,0.2631578947368421,0.0,0.0,0,0,0,1
110,David Willey,England,Royal Challengers Bangalore,199440.0,0.0,-0.5765672183114096,0.0,0.12857142857142856,-0.2275017084122275,-0.4915684935680651,-0.667638946769964,0.0,0.0,0.02727272727272727,0.0,-0.29518199416028496,-0.3859397962797741,-0.5080474867718395,72.0,6.545454545454546,66.0,0.0,0.0,-0.2038907012584764,0.05263157894736842,0.0,0.0,1,0,0,0
111,Sherfane Rutherford,West Indies,Royal Challengers Bangalore,99720.0,0.0,-0.5031099908972655,0.0,0.19999999999999998,0.4991687587177378,-0.36125014049738896,-0.5622561932626876,0.0,0.0,0.00909090909090909,0.02564102564102564,-0.6750528420576993,-0.6910029610498377,-0.6084754783430171,0.0,0.0,0.0,0.0,0.0,-0.5952994502239329,0.0,0.0,0.0,1,0,0,0
112,Mahipal Lomror,India,Royal Challengers Bangalore,94734.0,0.06666666666666667,0.21677083776134673,0.42574257425742573,0.3,0.8382816433783883,0.16002327178531556,0.7104432144790358,0.0,0.0,0.09090909090909091,0.2564102564102564,-0.4333168479411629,-0.4918645062693795,-0.5080474867718395,47.0,6.714285714285714,42.0,0.0,0.0,-0.5518095892277711,0.10526315789473684,0.0,0.0,1,0,0,0
114,Akash Deep,India,Royal Challengers Bangalore,19944.0,0.0,-0.6647158912083825,0.0,0.0,-1.0995062689681858,-0.6870460231740793,-1.7214664818427288,0.0,0.0,0.0,0.0,-0.03617914332113875,0.17757966086492669,-0.1063355204871292,41.0,11.08108108108108,22.2,0.0,0.0,-0.015434636941775087,0.10526315789473684,0.0,0.0,0,0,1,0
115,Washington Sundar,India,Sunrisers Hyderabad,872550.0,0.0,-0.018292289963914382,0.09900990099009901,0.2857142857142857,0.06316647843975862,0.06880042463584227,0.27717194674354906,0.0,0.0,0.09999999999999999,0.07692307692307693,0.8444305495319583,0.8216018976017276,0.29537644579758116,39.66666666666666,8.113636363636363,29.33333333333333,0.0,0.0,0.08604170538260254,0.05263157894736842,0.0,0.0,1,0,0,0
116,Rahul Tripathi,India,Sunrisers Hyderabad,847620.0,0.3333333333333333,3.301974389155399,0.7326732673267327,0.5428571428571428,1.5165074126996891,2.857613180348311,0.8937305261503455,0.0,0.7142857142857142,0.7363636363636363,0.7948717948717948,-0.6750528420576993,-0.6910029610498377,-0.6084754783430171,0.0,0.0,0.0,0.0,0.0,-0.5952994502239329,0.7368421052631579,0.0,0.0,0,1,0,0
117,Abhishek Sharma,India,Sunrisers Hyderabad,648180.0,0.06666666666666667,1.9013899197923847,0.32673267326732675,0.5357142857142857,1.31811484072135,1.8867414499717743,0.608515072495367,0.0,0.2857142857142857,0.4909090909090909,0.4358974358974359,-0.32971570760550445,-0.41983570347644783,-0.20676351205830676,16.0,6.4,15.0,0.0,0.0,-0.1748974605943685,0.15789473684210525,0.0,0.0,1,0,0,0
118,Bhuvneshwar Kumar,India,Sunrisers Hyderabad,418824.0,0.6,-0.3806812785403586,0.13861386138613863,0.05714285714285714,-0.6672305039062577,-0.3221546345761861,0.0976405727471624,0.0,0.0,0.05454545454545454,0.0,2.5745695931374546,2.3511547098516297,1.1992283699381794,39.888888888888886,7.630180658873539,31.36666666666666,0.0,0.0,2.9128826701331225,0.10526315789473684,0.3333333333333333,0.0,0,0,1,0
119,Marco Jansen,South Africa,Sunrisers Hyderabad,418824.0,0.13333333333333333,-0.620641554759896,0.0,0.05714285714285714,-0.925105356856994,-0.6218868466387412,-0.14072517923358172,0.0,0.0,0.0,0.02564102564102564,0.6372282688606413,0.6605963384175274,0.29537644579758116,35.44444444444444,8.394736842105264,25.33333333333333,0.0,0.0,0.6079200373365446,0.15789473684210525,0.0,0.0,1,0,0,0
120,Kartik Tyagi,India,Sunrisers Hyderabad,398880.0,0.06666666666666667,-0.620641554759896,0.009900990099009901,0.049999999999999996,-0.8815051288291962,-0.6218868466387412,-0.14072517923358172,0.0,0.0,0.00909090909090909,0.0,0.08468885373712948,0.16910568406575827,-0.1063355204871292,40.6,9.227272727272728,26.4,0.0,0.0,-0.30536704358285405,0.0,0.0,0.0,0,0,1,0
121,Aiden Markram,South Africa,Sunrisers Hyderabad,259272.0,0.3333333333333333,1.9160813652752136,0.4158415841584158,0.4857142857142857,1.7371999249391603,1.8737096146647065,0.6337799599865632,0.0,0.42857142857142855,0.33636363636363636,0.5897435897435898,-0.46785056138638237,-0.41983570347644783,-0.5080474867718395,64.0,10.666666666666666,36.0,0.0,0.0,-0.4793264875675014,0.3157894736842105,0.0,0.0,0,1,0,0
122,Sean Abbott,Australia,Sunrisers Hyderabad,239328.0,0.0,-0.6304358517484485,0.0,0.049999999999999996,-0.4212804996468849,-0.6544664349064102,0.7374644333270556,0.0,0.0,0.0,0.02564102564102564,-0.5369179882768214,-0.4918645062693795,-0.5080474867718395,47.0,11.75,24.0,0.0,0.0,-0.49382310789955536,0.05263157894736842,0.0,0.0,0,0,1,0
123,Glenn Phillips,New Zealand,Sunrisers Hyderabad,149580.0,0.06666666666666667,-0.5373900303571993,0.13861386138613863,0.0,-0.2597981736180038,-0.47202074060746363,-0.33765254689869445,0.0,0.0,0.00909090909090909,0.05128205128205128,-0.6059854151672603,-0.6062631930581533,-0.5080474867718395,20.0,10.0,12.0,0.0,0.0,-0.5952994502239329,0.0,0.0,0.0,0,0,0,1
124,Shreyas Gopal,India,Sunrisers Hyderabad,74790.0,0.13333333333333333,-0.586361515299962,0.06930693069306931,0.06428571428571428,-0.5827628256757661,-0.6088550113316735,0.6203724849856375,0.0,0.0,0.01818181818181818,0.02564102564102564,-0.5714517017220409,-0.5469453554639743,-0.5080474867718395,34.0,11.333333333333334,18.0,0.0,0.0,-0.49382310789955536,0.0,0.0,0.0,0,0,1,0
125,Fazalhaq Farooqi,Afghanistan,Sunrisers Hyderabad,49860.0,0.06666666666666667,-0.6549215942198299,0.0,0.014285714285714285,-0.9057274777335284,-0.6349186819458088,-1.2823716755624102,0.0,0.0,0.0,0.0,-0.26064828071506546,-0.22493423709557386,-0.40761949520066193,55.0,9.166666666666666,36.0,0.0,0.0,-0.24738056225463825,0.0,0.0,0.0,0,0,1,0
126,Priyam Garg,India,Sunrisers Hyderabad,19944.0,0.0,-0.08685236888378221,0.2871287128712871,0.3,0.5337721142953552,0.010157165754038014,0.21547509352465816,0.0,0.0,0.05454545454545454,0.1282051282051282,-0.6750528420576993,-0.6910029610498377,-0.6084754783430171,0.0,0.0,0.0,0.0,0.0,-0.5952994502239329,0.15789473684210525,0.0,0.0,0,1,0,0
127,Jagadeesha Suchith,India,Sunrisers Hyderabad,19944.0,0.06666666666666667,-0.586361515299962,0.13861386138613863,0.014285714285714285,-0.5827628256757661,-0.595823176024606,0.2858240611530134,0.0,0.0,0.01818181818181818,0.02564102564102564,-0.05344600004374849,-0.09782458510804737,0.09452046265522597,20.0,7.777777777777778,15.428571428571429,0.0,0.0,0.11503494604671044,0.05263157894736842,0.16666666666666666,0.0,0,0,1,0
128,Shashank Singh,India,Sunrisers Hyderabad,19944.0,0.06666666666666667,-0.3268126451033196,0.0,0.17857142857142858,0.23756739055095036,-0.38079789345799037,0.8570476997182911,0.0,0.0,0.045454545454545456,0.10256410256410256,-0.6750528420576993,-0.6910029610498377,-0.6084754783430171,0.0,0.0,0.0,0.0,0.0,-0.580802829891879,0.15789473684210525,0.0,0.0,1,0,0,0
129,Suresh Raina,India,Unsold,199440.0,0.13333333333333333,0.11882786787582128,0.5346534653465347,0.0,0.30979403092023144,0.14699143647824794,0.47400754955886437,0.0,0.14285714285714285,0.11818181818181818,0.23076923076923075,-0.6750528420576993,-0.6910029610498377,-0.6084754783430171,0.0,0.0,0.0,0.0,0.0,-0.5952994502239329,0.3684210526315789,0.0,0.0,0,1,0,0
130,Steve Smith,Australia,Unsold,199440.0,0.06666666666666667,0.07965067992161108,0.38613861386138615,0.0,1.0043777501509519,0.19260286005298458,0.25608642347900257,0.0,0.0,0.11818181818181818,0.05128205128205128,-0.6750528420576993,-0.6910029610498377,-0.6084754783430171,0.0,0.0,0.0,0.0,0.0,-0.5952994502239329,0.0,0.0,0.0,0,1,0,0
131,Imran Tahir,South Africa,Unsold,199440.0,0.0,-0.6647158912083825,0.0,0.0,-1.0995062689681858,-0.6870460231740793,-1.7214664818427288,0.0,0.0,0.0,0.0,-0.5369179882768214,-0.6232111466564902,-0.40761949520066193,8.0,4.0,12.0,0.0,0.0,-0.5952994502239329,0.0,0.0,0.0,0,0,1,0
132,Aaron Finch,Australia,Unsold,149580.0,0.0,-0.24356112070062297,0.0,0.41428571428571426,0.5669913356498678,-0.28957504630851705,0.7547402945577565,0.0,0.14285714285714285,0.09090909090909091,0.07692307692307693,-0.6750528420576993,-0.6910029610498377,-0.6084754783430171,0.0,0.0,0.0,0.0,0.0,-0.5952994502239329,0.05263157894736842,0.0,0.0,0,1,0,0
133,Dawid Malan,England,Unsold,149580.0,0.0,-0.5373900303571993,0.25742574257425743,0.0,1.4196180170823605,-0.5176321641822003,0.03491274327854574,0.0,0.0,0.00909090909090909,0.02564102564102564,-0.6750528420576993,-0.6910029610498377,-0.6084754783430171,0.0,0.0,0.0,0.0,0.0,-0.5952994502239329,0.0,0.0,0.0,0,1,0,0
134,Eoin Morgan,England,Unsold,149580.0,0.26666666666666666,-0.013395141469638107,0.46534653465346537,0.0,-0.294113167899141,0.2186665306671198,-0.04090218730222861,0.0,0.0,0.07272727272727272,0.15384615384615385,-0.6750528420576993,-0.6910029610498377,-0.6084754783430171,0.0,0.0,0.0,0.0,0.0,-0.5952994502239329,0.47368421052631576,0.0,0.0,0,1,0,0
135,Chris Lynn,Australia,Unsold,149580.0,0.0,-0.42475561498884506,0.48514851485148514,0.0,3.6480741162809207,-0.45898890530039604,0.7374644333270556,0.0,0.0,0.03636363636363636,0.07692307692307693,-0.6750528420576993,-0.6910029610498377,-0.6084754783430171,0.0,0.0,0.0,0.0,0.0,-0.5952994502239329,0.0,0.0,0.0,0,1,0,0
136,Kane Richardson,Australia,Unsold,149580.0,0.0,-0.6647158912083825,0.0,0.0,-1.0995062689681858,-0.6870460231740793,-1.7214664818427288,0.0,0.0,0.0,0.0,-0.5714517017220409,-0.5681302974618954,-0.5080474867718395,29.0,9.666666666666666,18.0,0.0,0.0,-0.5952994502239329,0.0,0.0,0.0,0,0,1,0
138,Andrew Tye,Australia,Unsold,99720.0,0.0,-0.6647158912083825,0.0,0.0,-1.0995062689681858,-0.6870460231740793,-1.7214664818427288,0.0,0.0,0.0,0.0,-0.29518199416028496,-0.2376452022943265,-0.40761949520066193,53.5,9.727272727272728,33.0,0.0,0.0,-0.24738056225463825,0.05263157894736842,0.0,0.0,0,0,1,0
139,Moises Henriques,Australia,Unsold,99720.0,0.13333333333333333,-0.512904287885818,0.13861386138613863,0.0,-0.34861345293388835,-0.47853665826099745,-0.019974107506494095,0.0,0.0,0.0,0.02564102564102564,-0.32971570760550445,-0.5003384830685479,-0.20676351205830676,11.25,4.5,15.0,0.0,0.0,-0.5952994502239329,0.0,0.0,0.0,1,0,0,0
140,Kedar Jadhav,India,Unsold,99720.0,0.06666666666666667,-0.3953727240231874,0.18811881188118812,0.0,-0.03372291717757008,-0.3482183051903213,0.1362423139586191,0.0,0.0,0.01818181818181818,0.05128205128205128,-0.6750528420576993,-0.6910029610498377,-0.6084754783430171,0.0,0.0,0.0,0.0,0.0,-0.5952994502239329,0.0,0.0,0.0,1,0,0,0
141,Saurabh Tiwary,India,Unsold,49860.0,0.13333333333333333,-0.10154381436661103,0.49504950495049505,0.0,1.6860638550300147,-0.05500201078130005,0.3608387850536277,0.0,0.14285714285714285,0.09090909090909091,0.05128205128205128,-0.6750528420576993,-0.6910029610498377,-0.6084754783430171,0.0,0.0,0.0,0.0,0.0,-0.5952994502239329,0.0,0.0,0.0,0,1,0,0
142,George Garton,England,Unsold,49860.0,0.13333333333333333,-0.6549215942198299,0.019801980198019802,0.0,-1.0349133385566334,-0.660982352559944,-0.8432768692820916,0.0,0.0,0.0,0.0,-0.15704714037940698,-0.11900952710596846,-0.30719150362948433,45.0,9.0,30.0,0.0,0.0,-0.5952994502239329,0.0,0.0,0.0,1,0,0,0
143,Rajat Patidar,India,Unsold,19944.0,0.06666666666666667,0.9660345573856166,0.0,0.7999999999999999,3.509660693970451,0.7334240252962905,0.9614430684571996,1.0,0.2857142857142857,0.24545454545454545,0.4615384615384615,-0.6750528420576993,-0.6910029610498377,-0.6084754783430171,0.0,0.0,0.0,0.0,0.0,-0.5952994502239329,0.21052631578947367,0.0,0.0,0,1,0,0
144,Sachin Baby,India,Unsold,19944.0,0.0,-0.6304358517484485,0.06930693069306931,0.0,-0.4212804996468849,-0.5762754230640046,-0.9982515067927922,0.0,0.0,0.0,0.0,-0.6750528420576993,-0.6910029610498377,-0.6084754783430171,0.0,0.0,0.0,0.0,0.0,-0.5952994502239329,0.0,0.0,0.0,0,1,0,0
145,Virat Singh,India,Unsold,19944.0,0.0,-0.5912586637942384,0.10891089108910891,0.0,-0.3728358018382205,-0.5176321641822003,-0.7081707750419934,0.0,0.0,0.00909090909090909,0.0,-0.6750528420576993,-0.6910029610498377,-0.6084754783430171,0.0,0.0,0.0,0.0,0.0,-0.5952994502239329,0.0,0.0,0.0,0,1,0,0
146,Matheesha Pathirana,Sri Lanka,Unsold,19944.0,0.0,-0.6647158912083825,0.0,0.0,-1.0995062689681858,-0.6870460231740793,-1.7214664818427288,0.0,0.0,0.0,0.0,-0.4505837046637726,-0.4706795642714584,-0.40761949520066193,26.0,8.0,19.5,0.0,0.0,-0.30536704358285405,0.05263157894736842,0.0,0.0,0,0,1,0
147,Kumar Kartikeya Singh,India,Unsold,19944.0,0.0,-0.6500244457255536,0.0,0.02142857142857143,-0.8088380821161997,-0.6544664349064102,-0.667638946769964,0.0,0.0,0.0,0.0,-0.22611456726984594,-0.2588301442922476,-0.1063355204871292,20.4,7.846153846153846,15.6,0.0,0.0,-0.16040084026231455,0.0,0.0,0.0,1,0,0,0
148,Ben Stokes,Overseas,Chennai Super Kings,1620450.0,0.0,-0.6647158912083825,0.0,0.0,-1.0995062689681858,-0.6674982702134779,-1.7214664818427288,0.0,0.0,0.0,0.0,-0.6750528420576993,-0.6910029610498377,-0.6084754783430171,0.0,0.0,0.0,0.0,0.0,-0.5952994502239329,0.0,0.0,0.0,1,0,0,0
149,Kyle Jamieson,Overseas,Chennai Super Kings,99720.0,0.2,-0.3464012390804247,0.15841584158415842,0.0,-0.1998190239501335,-0.3286705522297199,0.3542544205733233,0.0,0.0,0.045454545454545456,0.07692307692307693,0.29189113440844644,0.44874691843831654,0.29537644579758116,29.88888888888889,9.607142857142858,18.666666666666668,0.0,0.0,0.4194639730198433,0.10526315789473684,0.0,0.0,0,0,1,0
150,Kane Williamson,Overseas,Gujarat Titans,199440.0,0.4,1.6957096830327814,0.6534653465346535,0.40714285714285714,0.9309584565775728,2.3493716033726746,0.09521760937713061,0.0,0.42857142857142855,0.40909090909090906,0.2564102564102564,-0.6750528420576993,-0.6910029610498377,-0.6084754783430171,0.0,0.0,0.0,0.0,0.0,-0.5952994502239329,0.894736842105263,0.0,0.0,0,1,0,0
151,Jhye Richardson,Overseas,Mumbai Indians,149580.0,0.0,-0.5912586637942384,0.1485148514851485,0.0,-0.3728358018382205,-0.5306639994892679,-0.6237294661419323,0.0,0.0,0.01818181818181818,0.0,-0.29518199416028496,-0.19527531829848435,-0.30719150362948433,39.0,10.636363636363637,22.0,0.0,0.0,-0.5952994502239329,0.0,0.0,0.0,0,0,1,0
152,Sam Curran,Overseas,Punjab Kings,1844820.0,0.06666666666666667,-0.39047557552891116,0.33663366336633666,0.0,0.256945269674416,-0.49808441122159886,1.670162366667319,0.0,0.0,0.045454545454545456,0.07692307692307693,0.46455970163454385,0.6987292340137853,0.29537644579758116,36.44444444444444,9.93939393939394,22.0,0.0,0.0,0.506443695012167,0.05263157894736842,0.0,0.0,1,0,0,0
153,Mayank Agarwal,India,Sunrisers Hyderabad,822690.0,0.06666666666666667,2.4547676996456036,0.9801980198019802,0.37142857142857144,1.4720997730417469,2.4014989446009447,0.6388996920016847,0.0,0.7142857142857142,0.5909090909090908,0.6153846153846154,-0.6750528420576993,-0.6910029610498377,-0.6084754783430171,0.0,0.0,0.0,0.0,0.0,-0.5952994502239329,0.7894736842105263,0.16666666666666666,0.0,0,1,0,0
154,Jimmy Neesham,Overseas,Unsold,199440.0,0.0,-0.6647158912083825,0.0,0.0,-1.0995062689681858,-0.6740141878670116,-1.7214664818427288,0.0,0.0,0.0,0.0,-0.36424942105072394,-0.4113617266772794,-0.1063355204871292,13.2,7.333333333333333,10.8,0.0,0.0,-0.5952994502239329,0.0,0.0,0.0,1,0,0,0
155,Tom Curran,Overseas,Unsold,74790.0,0.06666666666666667,-0.5618757728285807,0.2079207920792079,0.0,-0.08216761498623443,-0.5762754230640046,0.44817844330708095,0.0,0.0,0.01818181818181818,0.0,-0.29518199416028496,-0.25035616749307915,-0.20676351205830676,26.0,9.454545454545457,16.5,0.0,0.0,-0.5952994502239329,0.0,0.0,0.0,1,0,0,0
156,Ajinkya Rahane,India,Chennai Super Kings,49860.0,0.0,0.02578204648457208,0.07920792079207921,0.3142857142857143,0.6081693287872326,0.1991187777065184,0.09948550890800403,0.0,0.0,0.13636363636363635,0.10256410256410256,-0.6750528420576993,-0.6910029610498377,-0.6084754783430171,0.0,0.0,0.0,0.0,0.0,-0.5952994502239329,0.15789473684210525,0.16666666666666666,0.0,0,1,0,0
157,Manish Pandey,India,Delhi Capitals,239328.0,0.13333333333333333,1.1962005366166013,0.6831683168316832,0.2714285714285714,1.530348754930736,1.3719839553426034,0.3906351179866519,0.0,0.42857142857142855,0.2727272727272727,0.3076923076923077,-0.6750528420576993,-0.6910029610498377,-0.6084754783430171,0.0,0.0,0.0,0.0,0.0,-0.5952994502239329,0.42105263157894735,0.0,0.0,0,1,0,0
158,Ishant Sharma,India,Delhi Capitals,49860.0,0.0,-0.6647158912083825,0.0,0.0,-1.0995062689681858,-0.6870460231740793,-1.7214664818427288,0.0,0.0,0.0,0.0,-0.26064828071506546,-0.2800150862901687,-0.5080474867718395,97.0,8.083333333333334,72.0,0.0,0.0,-0.5952994502239329,0.0,0.0,0.0,0,0,1,0
159,Shivam Mavi,India,Gujarat Titans,598320.0,0.06666666666666667,-0.5275957333686468,0.19801980198019803,0.014285714285714285,-0.5569256535111451,-0.5111162465286665,0.09996382569044515,0.0,0.0,0.01818181818181818,0.05128205128205128,1.1897676839841531,1.2580117027589017,0.9983723867958242,28.75,8.518518518518519,20.25,0.5,0.0,1.4342273962636196,0.47368421052631576,0.0,0.0,0,0,1,0
160,Odean Smith,Overseas,Gujarat Titans,49860.0,0.2,-0.4149613180002925,0.0,0.17857142857142858,-0.27594640622089184,-0.40034564641859177,0.31433671091147575,0.0,0.0,0.00909090909090909,0.1282051282051282,-0.15704714037940698,0.06318097407615285,-0.005907528915951612,29.666666666666668,11.866666666666667,15.0,0.5,0.0,-0.07342111826999087,0.10526315789473684,0.16666666666666666,0.0,1,0,0,0
161,Shakib Al Hasan,Overseas,Kolkata Knight Riders,149580.0,0.06666666666666667,-0.4345499119773976,0.25742574257425743,0.0,-0.34053933663244434,-0.37428197580445655,-0.0016784905781471512,0.0,0.0,0.02727272727272727,0.02564102564102564,0.22282370751800742,0.10131386967241081,-0.20676351205830676,46.75,7.1923076923076925,39.0,0.0,0.0,0.1295315663787644,0.15789473684210525,0.0,0.0,1,0,0,0
162,Vaibhav Arora,India,Kolkata Knight Riders,59832.0,0.13333333333333333,-0.6402301487370011,0.0,0.014285714285714285,-0.978394524446525,-0.6023390936781398,-1.0459360106422386,0.0,0.0,0.0,0.0,-0.07071285676635825,0.0038631364819738234,-0.30719150362948433,54.66666666666666,9.371428571428572,35.0,0.0,0.0,-0.029931257273829035,0.05263157894736842,0.0,0.0,0,0,1,0
163,Mandeep Singh,India,Kolkata Knight Riders,49860.0,0.0,-0.5031099908972655,0.1485148514851485,0.12857142857142856,-0.300168755125224,-0.4459570699933284,-0.1549660918697001,0.0,0.0,0.05454545454545454,0.0,-0.6750528420576993,-0.6910029610498377,-0.6084754783430171,0.0,0.0,0.0,0.0,0.0,-0.5952994502239329,0.05263157894736842,0.0,0.0,0,1,0,0
164,Nicholas Pooran,Overseas,Lucknow Super Giants,1595520.0,0.3333333333333333,1.2500691700536404,0.31683168316831684,0.45714285714285713,0.4789834679641278,1.189538261043657,0.663062257818446,0.0,0.2857142857142857,0.17272727272727273,0.6666666666666666,-0.6750528420576993,-0.6910029610498377,-0.6084754783430171,0.0,0.0,0.0,0.0,0.0,-0.5952994502239329,0.42105263157894735,0.5,0.25,0,0,0,1
165,Daniel Sams,Overseas,Lucknow Super Giants,74790.0,0.26666666666666666,-0.4492413574602264,0.0297029702970297,0.10714285714285714,-0.7442451517046473,-0.4133774817256594,0.11854984923670162,0.0,0.0,0.00909090909090909,0.07692307692307693,0.9825654033128363,1.041925294380107,0.7975164036534691,29.214285714285715,8.520833333333334,20.571428571428573,0.5,0.0,0.9558389253058395,0.3684210526315789,0.0,0.0,1,0,0,0
166,Amit Mishra,India,Lucknow Super Giants,49860.0,0.0,-0.6647158912083825,0.0,0.0,-1.0995062689681858,-0.6870460231740793,-1.7214664818427288,0.0,0.0,0.0,0.0,-0.19158085382462645,-0.2291712254951581,-0.005907528915951612,18.166666666666668,7.785714285714286,14.0,0.5,0.0,-0.5952994502239329,0.0,0.0,0.0,0,0,1,0
167,Romario Shepherd,Overseas,Lucknow Super Giants,49860.0,0.06666666666666667,-0.3806812785403586,0.0,0.18571428571428572,0.7736887129668353,-0.4198933993791932,0.7631675439385865,0.0,0.0,0.01818181818181818,0.1282051282051282,-0.36424942105072394,-0.27577809789058444,-0.30719150362948433,32.666666666666664,10.88888888888889,18.0,0.0,0.0,-0.26187718258669224,0.0,0.16666666666666666,0.0,1,0,0,0
168,Jaydev Unadkat,India,Lucknow Super Giants,49860.0,0.2,-0.17500104178075512,0.2376237623762376,0.1357142857142857,0.11161117624842297,-0.25699545804084806,0.9397141622804142,0.0,0.0,0.06363636363636363,0.1282051282051282,0.7753631226415193,0.8258388860013118,0.3958044373687587,35.8,8.523809523809524,25.2,0.0,0.0,0.6804031389968144,0.10526315789473684,0.0,0.0,0,0,1,0
169,Prerak Mankad,India,Lucknow Super Giants,19944.0,0.06666666666666667,-0.6451272972312774,0.0,0.02857142857142857,-0.711948686498871,-0.6805301055205455,5.304050418642369,0.0,0.0,0.00909090909090909,0.0,-0.6750528420576993,-0.6910029610498377,-0.6084754783430171,0.0,0.0,0.0,0.0,0.0,-0.5952994502239329,0.05263157894736842,0.0,0.0,1,0,0,0
170,Piyush Chawla,India,Mumbai Indians,49860.0,0.0,-0.6647158912083825,0.0,0.0,-1.0995062689681858,-0.6740141878670116,-1.7214664818427288,0.0,0.0,0.0,0.0,-0.5369179882768214,-0.5299974018656375,-0.5080474867718395,38.0,9.5,24.0,0.0,0.0,-0.5952994502239329,0.0,0.0,0.0,0,0,1,0
171,Jason Holder,Overseas,Rajasthan Royals,573390.0,0.2,0.035576343473124626,0.46534653465346537,0.11428571428571428,-0.1758273640829857,0.06880042463584227,0.44372514912573907,0.0,0.0,0.03636363636363636,0.3076923076923077,1.8562683534768893,2.012195637884892,2.4043642687923104,21.266666666666666,8.703956343792633,14.659999999999998,0.5,0.0,1.608186840248267,0.3157894736842105,0.5,0.0,1,0,0,0
172,Murugan Ashwin,India,Rajasthan Royals,19944.0,0.13333333333333333,-0.5324928818629231,0.0891089108910891,0.04285714285714286,-0.7257900287299179,-0.43944115233979464,-0.473512821888139,0.0,0.0,0.01818181818181818,0.02564102564102564,0.7062956957510803,0.6860182688150327,0.3958044373687587,32.5,8.125,24.0,0.0,0.0,0.4049673526877894,0.0,0.0,0.0,0,0,1,0
173,Mayank Markande,India,Sunrisers Hyderabad,49860.0,0.0,-0.6647158912083825,0.0,0.0,-1.0995062689681858,-0.6870460231740793,-1.7214664818427288,0.0,0.0,0.0,0.0,-0.4333168479411629,-0.4494946222735373,-0.5080474867718395,57.0,8.142857142857142,42.0,0.0,0.0,-0.4358366265713396,0.10526315789473684,0.0,0.0,0,0,1,0
174,Anmolpreet Singh,India,Sunrisers Hyderabad,19944.0,0.0,-0.5226985848743705,0.15841584158415842,0.05714285714285714,-0.16290877800067508,-0.5111162465286665,0.16501490810234382,0.0,0.0,0.02727272727272727,0.02564102564102564,-0.6750528420576993,-0.6910029610498377,-0.6084754783430171,0.0,0.0,0.0,0.0,0.0,-0.5952994502239329,0.0,0.0,0.0,0,1,0,0
